"Date","Price","Open","High","Low","Vol.","Change %"
"10/28/2025","239.40","237.60","240.00","237.50","300.31K","1.14%"
"10/27/2025","236.70","241.00","241.00","234.20","1.22M","-0.84%"
"10/24/2025","238.70","240.80","241.60","236.50","1.56M","0.17%"
"10/23/2025","238.30","235.00","241.70","225.40","4.00M","5.72%"
"10/22/2025","225.40","230.20","231.50","225.40","1.04M","-2.63%"
"10/21/2025","231.50","237.40","237.40","230.10","870.99K","-2.53%"
"10/20/2025","237.50","234.00","240.50","234.00","1.42M","3.13%"
"10/17/2025","230.30","230.90","232.80","225.60","1.29M","-2.12%"
"10/16/2025","235.30","229.80","235.60","229.00","1.30M","2.22%"
"10/15/2025","230.20","223.10","230.50","221.10","1.14M","4.54%"
"10/14/2025","220.20","232.00","232.00","216.90","2.28M","-5.62%"
"10/13/2025","233.30","232.00","235.90","228.60","911.72K","0.26%"
"10/10/2025","232.70","232.00","234.80","229.10","1.26M","1.17%"
"10/09/2025","230.00","220.50","230.60","220.50","2.12M","5.60%"
"10/08/2025","217.80","218.80","221.70","216.70","922.64K","0.28%"
"10/07/2025","217.20","227.50","227.60","217.20","1.10M","-4.90%"
"10/06/2025","228.40","226.00","230.00","224.10","975.51K","-0.04%"
"10/03/2025","228.50","226.00","231.10","224.40","816.80K","1.83%"
"10/02/2025","224.40","226.10","230.00","224.40","757.01K","-0.36%"
"10/01/2025","225.20","226.00","227.90","221.70","946.24K","-1.23%"
"09/30/2025","228.00","225.80","229.60","221.10","1.27M","-0.31%"
"09/29/2025","228.70","231.90","232.80","226.40","779.80K","-0.78%"
"09/26/2025","230.50","231.40","232.40","228.10","616.63K","0.22%"
"09/25/2025","230.00","236.00","236.50","230.00","823.54K","-2.54%"
"09/24/2025","236.00","238.00","238.10","235.20","797.89K","-0.42%"
"09/23/2025","237.00","230.00","237.20","228.20","1.58M","2.82%"
"09/22/2025","230.50","230.40","232.20","226.90","1.04M","0.22%"
"09/19/2025","230.00","234.10","234.80","228.70","2.09M","-0.95%"
"09/18/2025","232.20","233.00","235.40","231.40","1.18M","-1.57%"
"09/17/2025","235.90","233.60","235.90","231.50","1.14M","1.55%"
"09/16/2025","232.30","238.10","238.10","231.50","1.69M","-1.94%"
"09/15/2025","236.90","233.10","238.30","232.90","2.03M","2.60%"
"09/12/2025","230.90","227.60","233.00","226.20","2.85M","4.24%"
"09/11/2025","221.50","221.70","225.90","221.20","1.29M","-1.12%"
"09/10/2025","224.00","224.00","225.00","220.60","1.04M","0.45%"
"09/09/2025","223.00","229.80","229.80","223.00","1.70M","-2.11%"
"09/08/2025","227.80","225.00","230.90","224.70","1.86M","2.61%"
"09/05/2025","222.00","218.40","222.00","215.60","4.79M","1.83%"
"09/04/2025","218.00","218.50","218.70","212.60","1.54M","0.93%"
"09/03/2025","216.00","208.00","217.70","206.90","2.18M","5.68%"
"09/02/2025","204.40","205.00","209.60","204.30","1.23M","-1.06%"
"09/01/2025","206.60","209.90","212.70","205.00","953.50K","0.05%"
"08/29/2025","206.50","198.00","209.50","197.70","2.39M","0.10%"
"08/28/2025","206.30","207.00","209.40","205.70","869.90K","-0.10%"
"08/27/2025","206.50","204.00","207.30","203.60","680.84K","0.24%"
"08/26/2025","206.00","207.20","209.20","203.80","603.65K","-0.53%"
"08/25/2025","207.10","209.30","209.30","206.80","702.66K","-1.33%"
"08/22/2025","209.90","208.00","209.90","206.50","1.58M","3.96%"
"08/21/2025","201.90","196.05","202.10","196.05","1.09M","3.80%"
"08/20/2025","194.50","190.00","196.70","189.20","808.87K","0.70%"
"08/19/2025","193.15","194.15","195.90","193.15","1.03M","0.91%"
"08/18/2025","191.40","189.55","192.90","188.35","799.69K","1.16%"
"08/15/2025","189.20","192.00","192.85","187.55","763.29K","-1.94%"
"08/14/2025","192.95","191.55","195.40","191.50","659.03K","0.78%"
"08/13/2025","191.45","190.75","194.20","189.45","822.73K","-0.78%"
"08/12/2025","192.95","190.50","192.95","188.55","855.75K","-0.13%"
"08/11/2025","193.20","196.80","196.80","189.65","1.67M","-5.01%"
"08/08/2025","203.40","202.00","207.70","202.00","910.78K","0.05%"
"08/07/2025","203.30","202.20","206.40","201.00","1.08M","-2.02%"
"08/06/2025","207.50","209.70","212.00","206.70","1.40M","1.47%"
"08/05/2025","204.50","200.00","207.70","199.00","1.54M","2.82%"
"08/04/2025","198.90","193.00","200.10","193.00","2.04M","5.07%"
"08/01/2025","189.30","190.40","193.45","187.60","814.29K","-1.20%"
"07/31/2025","191.60","191.70","192.30","188.55","790.54K","-0.52%"
"07/30/2025","192.60","194.25","195.00","188.10","1.27M","-0.57%"
"07/29/2025","193.70","193.25","195.00","191.10","959.19K","0.44%"
"07/28/2025","192.85","190.00","194.35","189.25","1.16M","2.55%"
"07/25/2025","188.05","191.10","191.45","186.60","579.72K","-2.11%"
"07/24/2025","192.10","191.20","193.45","190.30","733.23K","0.26%"
"07/23/2025","191.60","184.90","192.10","184.85","1.03M","3.51%"
"07/22/2025","185.10","184.35","185.80","183.35","505.46K","-0.08%"
"07/21/2025","185.25","186.40","188.10","185.05","450.12K","-1.98%"
"07/18/2025","189.00","189.00","190.00","188.00","696.46K","-0.68%"
"07/17/2025","190.30","187.70","190.75","186.50","560.89K","1.41%"
"07/16/2025","187.65","188.90","190.65","187.45","644.88K","-0.35%"
"07/15/2025","188.30","186.85","188.80","186.00","556.81K","0.48%"
"07/14/2025","187.40","192.10","192.50","187.00","660.68K","-2.04%"
"07/11/2025","191.30","186.00","191.70","186.00","1.21M","3.13%"
"07/10/2025","185.50","181.80","185.60","180.00","764.70K","3.31%"
"07/09/2025","179.55","187.00","187.15","179.30","1.50M","-4.72%"
"07/08/2025","188.45","187.25","189.15","185.50","1.13M","1.07%"
"07/07/2025","186.45","181.25","187.65","180.45","1.46M","3.18%"
"07/04/2025","180.70","174.90","180.80","174.50","969.52K","3.73%"
"07/03/2025","174.20","170.30","175.30","170.30","834.04K","2.77%"
"07/02/2025","169.50","166.20","169.50","165.25","802.63K","2.91%"
"07/01/2025","164.70","164.00","166.30","162.55","1.00M","-1.05%"
"06/30/2025","166.45","172.00","172.20","166.20","1.38M","-3.76%"
"06/27/2025","172.95","175.50","175.50","171.70","1.37M","-1.87%"
"06/26/2025","176.25","177.40","178.55","175.35","765.98K","-0.73%"
"06/25/2025","177.55","179.00","180.75","176.00","1.68M","-1.55%"
"06/24/2025","180.35","183.00","185.45","177.70","3.19M","-8.17%"
"06/23/2025","196.40","199.90","200.00","193.00","2.11M","1.11%"
"06/20/2025","194.25","197.50","197.90","192.85","2.07M","-2.63%"
"06/19/2025","199.50","194.00","199.50","194.00","1.38M","3.31%"
"06/18/2025","193.10","196.20","196.75","191.05","2.21M","-0.41%"
"06/17/2025","193.90","185.00","195.90","185.00","2.40M","4.81%"
"06/16/2025","185.00","193.40","197.40","183.80","3.25M","-1.83%"
"06/13/2025","188.45","194.40","197.00","186.15","4.01M","4.26%"
"06/12/2025","180.75","180.90","182.80","178.45","1.56M","1.95%"
"06/11/2025","177.30","176.90","177.95","174.45","851.06K","-0.25%"
"06/10/2025","177.75","178.75","181.45","176.65","1.22M","-2.07%"
"06/06/2025","181.50","182.55","186.30","181.00","1.13M","-0.17%"
"06/05/2025","181.80","181.00","185.85","180.75","1.45M","0.92%"
"06/04/2025","180.15","179.85","181.90","178.30","765.97K","0.17%"
"06/03/2025","179.85","183.50","183.50","176.50","1.32M","-1.88%"
"06/02/2025","183.30","184.00","186.00","182.50","968.30K","-0.70%"
"05/30/2025","184.60","179.50","188.55","178.30","1.41M","2.02%"
"05/28/2025","180.95","191.80","192.80","180.25","1.88M","-4.06%"
"05/27/2025","188.60","194.45","195.35","187.40","1.89M","-2.96%"
"05/26/2025","194.35","189.25","195.00","188.00","1.65M","6.64%"
"05/23/2025","182.25","172.90","182.25","172.15","2.23M","2.70%"
"05/22/2025","177.45","182.00","183.95","176.65","1.26M","-2.71%"
"05/21/2025","182.40","185.75","187.50","181.40","987.15K","-2.09%"
"05/20/2025","186.30","189.00","189.55","185.10","1.21M","-1.25%"
"05/19/2025","188.65","189.10","190.40","187.65","863.65K","-0.79%"
"05/16/2025","190.15","188.95","193.20","187.80","1.19M","1.96%"
"05/15/2025","186.50","188.00","188.00","182.90","1.12M","-1.76%"
"05/14/2025","189.85","185.50","189.85","185.50","1.14M","3.46%"
"05/13/2025","183.50","183.40","184.50","180.30","802.75K","0.05%"
"05/12/2025","183.40","182.00","186.15","182.00","950.25K","2.92%"
"05/09/2025","178.20","181.15","181.60","178.15","737.52K","1.31%"
"05/08/2025","175.90","177.40","178.75","173.55","814.73K","-0.71%"
"05/07/2025","177.15","181.20","182.35","176.30","1.34M","-5.06%"
"05/06/2025","186.60","188.00","190.10","183.10","1.46M","0.86%"
"05/05/2025","185.00","186.00","190.00","183.95","1.76M","4.70%"
"05/02/2025","176.70","177.00","180.75","174.95","1.31M","1.12%"
"04/30/2025","174.75","172.00","175.30","171.45","988.57K","1.36%"
"04/29/2025","172.40","169.50","172.85","167.75","620.30K","1.08%"
"04/28/2025","170.55","172.10","173.00","167.90","732.68K","0.09%"
"04/25/2025","170.40","169.60","171.80","165.35","1.14M","2.84%"
"04/24/2025","165.70","165.00","168.75","164.35","1.19M","2.25%"
"04/23/2025","162.05","158.15","162.50","157.75","1.18M","2.95%"
"04/22/2025","157.40","156.80","159.40","153.15","794.56K","1.65%"
"04/16/2025","154.85","154.25","155.25","152.75","522.46K","-0.86%"
"04/15/2025","156.20","159.90","160.85","156.10","548.16K","-1.85%"
"04/14/2025","159.15","164.95","165.40","158.70","1.31M","-0.96%"
"04/11/2025","160.70","151.60","163.70","150.50","1.59M","6.85%"
"04/10/2025","150.40","156.10","156.35","149.40","1.25M","3.55%"
"04/09/2025","145.25","142.80","147.90","141.30","1.40M","-1.92%"
"04/08/2025","148.10","154.30","155.40","147.05","1.52M","-1.92%"
"04/07/2025","151.00","129.50","151.00","126.00","3.34M","11.93%"
"04/04/2025","134.90","150.00","150.35","133.65","2.47M","-10.60%"
"04/03/2025","150.90","149.75","154.05","147.30","1.83M","-1.82%"
"04/02/2025","153.70","157.50","158.40","152.65","592.83K","-2.26%"
"04/01/2025","157.25","155.70","159.20","155.05","708.06K","2.31%"
"03/31/2025","153.70","155.65","155.65","150.65","1.88M","-1.66%"
"03/28/2025","156.30","157.00","158.75","156.00","795.20K","-2.01%"
"03/27/2025","159.50","162.00","162.50","157.00","1.59M","-4.18%"
"03/26/2025","166.45","169.00","169.35","165.55","686.47K","-1.77%"
"03/25/2025","169.45","170.05","173.45","168.10","589.18K","-0.76%"
"03/24/2025","170.75","173.95","173.95","167.45","898.13K","-0.78%"
"03/21/2025","172.10","178.70","178.70","171.50","1.47M","-3.31%"
"03/20/2025","178.00","180.00","181.10","172.65","1.20M","1.19%"
"03/19/2025","175.90","168.85","177.65","168.20","1.69M","3.90%"
"03/18/2025","169.30","170.00","172.90","167.50","1.19M","0.44%"
"03/17/2025","168.55","165.00","169.40","164.10","1.02M","3.76%"
"03/14/2025","162.45","168.95","168.95","162.10","798.80K","-3.36%"
"03/13/2025","168.10","163.80","170.20","163.00","1.09M","1.33%"
"03/12/2025","165.90","167.45","169.10","164.45","722.93K","0.73%"
"03/11/2025","164.70","162.45","168.75","160.50","1.27M","-1.41%"
"03/10/2025","167.05","179.65","179.65","164.30","1.63M","-6.57%"
"03/07/2025","178.80","176.95","179.75","174.50","623.73K","1.71%"
"03/06/2025","175.80","174.50","181.15","172.60","1.17M","-1.24%"
"03/05/2025","178.00","185.75","187.80","176.50","1.01M","-1.93%"
"03/04/2025","181.50","181.85","185.50","176.60","1.20M","-0.98%"
"03/03/2025","183.30","181.50","189.35","181.50","1.32M","1.24%"
"02/28/2025","181.05","170.00","182.55","167.50","1.98M","4.62%"
"02/27/2025","173.05","177.50","177.50","172.05","1.38M","-3.38%"
"02/26/2025","179.10","177.10","179.45","175.25","1.05M","0.06%"
"02/25/2025","179.00","182.00","186.45","179.00","1.17M","0.00%"
"02/24/2025","179.00","185.70","186.50","178.70","1.23M","-3.92%"
"02/21/2025","186.30","186.35","190.05","185.70","1.07M","0.03%"
"02/20/2025","186.25","194.30","194.40","186.15","1.59M","-5.82%"
"02/19/2025","197.75","199.25","201.10","195.15","808.71K","0.15%"
"02/18/2025","197.45","198.50","199.20","196.00","861.95K","0.82%"
"02/17/2025","195.85","198.70","199.35","195.85","769.54K","-1.24%"
"02/14/2025","198.30","195.30","209.30","194.55","2.25M","-0.50%"
"02/13/2025","199.30","199.00","200.70","196.90","861.45K","-1.39%"
"02/12/2025","202.10","195.00","204.30","192.20","1.61M","3.01%"
"02/11/2025","196.20","197.40","199.80","195.50","1.05M","0.90%"
"02/10/2025","194.45","199.95","202.70","193.95","864.80K","-3.83%"
"02/07/2025","202.20","200.00","202.60","198.05","859.44K","0.75%"
"02/06/2025","200.70","205.00","208.20","198.40","1.36M","-2.57%"
"02/05/2025","206.00","215.00","218.60","204.30","1.90M","-1.72%"
"02/04/2025","209.60","199.45","210.00","195.25","2.42M","5.38%"
"02/03/2025","198.90","192.75","200.00","192.55","1.54M","-0.13%"
"01/31/2025","199.15","199.00","203.90","196.20","2.21M","1.84%"
"01/30/2025","195.55","192.45","199.15","192.30","1.37M","2.57%"
"01/29/2025","190.65","185.85","191.00","185.40","1.37M","4.38%"
"01/28/2025","182.65","180.50","187.00","178.50","1.35M","0.14%"
"01/27/2025","182.40","178.40","182.90","176.40","1.28M","0.94%"
"01/24/2025","180.70","189.00","189.10","179.65","1.27M","-5.62%"
"01/23/2025","191.45","186.65","191.45","185.05","1.10M","2.57%"
"01/22/2025","186.65","183.00","188.30","182.60","1.97M","-1.76%"
"01/21/2025","190.00","199.95","200.40","189.10","1.77M","-3.55%"
"01/20/2025","197.00","200.00","203.60","197.00","1.67M","-1.01%"
"01/17/2025","199.00","199.00","204.40","194.35","2.53M","-3.07%"
"01/16/2025","205.30","212.80","212.80","204.90","2.10M","-3.16%"
"01/15/2025","212.00","211.00","214.70","208.50","2.91M","2.66%"
"01/14/2025","206.50","211.00","212.50","203.50","3.26M","-0.19%"
"01/13/2025","206.90","203.90","209.20","199.00","4.03M","5.59%"
"01/10/2025","195.95","178.65","197.70","178.15","5.49M","11.37%"
"01/09/2025","175.95","179.65","180.55","175.65","1.09M","-0.96%"
"01/08/2025","177.65","179.10","180.85","174.55","2.37M","-0.20%"
"01/07/2025","178.00","161.50","179.80","161.30","4.85M","7.36%"
"01/06/2025","165.80","164.25","166.00","161.15","1.26M","1.50%"
"01/03/2025","163.35","169.90","169.90","162.85","1.74M","-3.80%"
"01/02/2025","169.80","161.35","169.80","161.35","1.90M","8.46%"
"12/30/2024","156.55","159.00","160.45","155.90","985.69K","-1.35%"
"12/27/2024","158.70","159.50","161.70","157.50","1.13M","2.49%"
"12/23/2024","154.85","153.00","156.00","151.35","860.25K","1.91%"
"12/20/2024","151.95","153.70","155.60","150.55","2.27M","-1.46%"
"12/19/2024","154.20","156.35","158.35","153.85","897.53K","-0.68%"
"12/18/2024","155.25","154.30","157.35","154.30","1.03M","1.70%"
"12/17/2024","152.65","155.05","155.55","150.25","1.33M","-2.49%"
"12/16/2024","156.55","159.90","161.10","153.25","1.02M","0.22%"
"12/13/2024","156.20","152.15","159.25","152.15","1.92M","0.26%"
"12/12/2024","155.80","157.60","159.60","153.00","2.54M","-3.44%"
"12/11/2024","161.35","164.00","167.00","160.50","1.58M","-2.83%"
"12/10/2024","166.05","166.50","168.55","165.25","763.21K","-2.58%"
"12/09/2024","170.45","170.55","174.25","168.60","1.20M","-1.36%"
"12/06/2024","172.80","175.80","177.35","171.45","1.29M","-2.04%"
"12/05/2024","176.40","177.55","177.60","173.00","1.62M","-2.22%"
"12/04/2024","180.40","188.00","190.90","180.25","1.91M","1.86%"
"12/03/2024","177.10","174.50","177.50","173.80","897.39K","0.80%"
"12/02/2024","175.70","178.90","179.25","172.90","1.79M","-2.87%"
"11/29/2024","180.90","183.80","185.35","179.55","1.81M","-2.51%"
"11/28/2024","185.55","187.00","189.55","185.55","1.02M","0.65%"
"11/27/2024","184.35","198.10","198.10","181.15","4.95M","-11.58%"
"11/26/2024","208.50","211.50","212.40","207.60","908.00K","-1.47%"
"11/25/2024","211.60","216.80","219.00","211.10","720.23K","-2.40%"
"11/22/2024","216.80","215.90","218.10","213.20","930.71K","-0.23%"
"11/21/2024","217.30","222.90","222.90","214.90","902.82K","-3.25%"
"11/20/2024","224.60","227.10","228.50","224.00","637.29K","0.22%"
"11/19/2024","224.10","224.90","227.90","221.00","1.06M","2.28%"
"11/18/2024","219.10","216.40","220.00","215.30","621.99K","1.25%"
"11/15/2024","216.40","222.00","222.00","216.40","860.67K","-2.43%"
"11/14/2024","221.80","215.50","222.80","215.50","997.30K","4.67%"
"11/13/2024","211.90","207.10","213.20","207.10","1.12M","3.11%"
"11/12/2024","205.50","207.00","209.90","205.10","465.12K","-1.72%"
"11/11/2024","209.10","209.00","212.40","207.80","486.84K","-0.19%"
"11/08/2024","209.50","212.00","213.10","207.80","702.21K","-0.99%"
"11/07/2024","211.60","209.00","214.40","209.00","637.72K","1.78%"
"11/06/2024","207.90","208.90","210.70","204.50","892.67K","-0.57%"
"11/05/2024","209.10","210.80","211.60","209.00","410.18K","-0.99%"
"11/04/2024","211.20","212.80","212.80","208.30","728.37K","-1.12%"
"11/01/2024","213.60","214.00","216.90","213.10","621.98K","0.80%"
"10/31/2024","211.90","212.00","214.60","208.30","1.00M","-0.52%"
"10/30/2024","213.00","216.50","216.50","210.60","1.20M","-1.66%"
"10/29/2024","216.60","216.30","221.60","214.90","1.06M","0.51%"
"10/28/2024","215.50","218.00","219.00","212.20","1.14M","-2.62%"
"10/25/2024","221.30","219.10","221.30","217.10","716.47K","0.59%"
"10/24/2024","220.00","222.50","223.60","218.70","1.02M","-2.00%"
"10/23/2024","224.50","232.60","232.90","221.60","1.49M","-4.39%"
"10/22/2024","234.80","239.50","240.00","234.00","661.71K","-2.00%"
"10/21/2024","239.60","242.00","244.80","239.20","853.54K","-1.03%"
"10/18/2024","242.10","241.00","245.40","241.00","802.04K","0.62%"
"10/17/2024","240.60","241.90","244.60","239.50","657.43K","-0.25%"
"10/16/2024","241.20","240.00","241.80","238.20","625.02K","-0.21%"
"10/15/2024","241.70","245.70","245.70","241.00","1.32M","-4.77%"
"10/14/2024","253.80","259.20","259.90","252.90","606.90K","-2.08%"
"10/11/2024","259.20","264.30","264.50","259.10","695.53K","-2.48%"
"10/10/2024","265.80","266.00","267.30","263.40","664.95K","1.84%"
"10/09/2024","261.00","266.00","268.70","260.60","714.34K","-1.40%"
"10/08/2024","264.70","269.00","270.40","263.00","731.17K","-0.86%"
"10/07/2024","267.00","262.00","267.00","259.40","954.13K","1.52%"
"10/04/2024","263.00","261.80","265.20","260.30","968.06K","1.27%"
"10/03/2024","259.70","254.50","259.70","252.00","1.03M","2.69%"
"10/02/2024","252.90","246.10","257.90","246.10","1.57M","3.78%"
"10/01/2024","243.70","238.60","247.70","235.80","1.09M","2.01%"
"09/30/2024","238.90","240.90","243.20","238.30","639.41K","0.00%"
"09/27/2024","238.90","238.70","240.90","236.90","909.02K","0.80%"
"09/26/2024","237.00","236.20","239.30","228.20","1.75M","4.31%"
"09/25/2024","227.20","233.20","234.80","227.00","1.44M","-3.40%"
"09/24/2024","235.20","236.80","240.40","235.20","676.49K","-0.17%"
"09/23/2024","235.60","234.00","237.60","230.80","930.27K","0.00%"
"09/20/2024","235.60","246.20","247.40","233.40","3.12M","-5.76%"
"09/19/2024","250.00","247.50","252.60","246.70","762.92K","1.83%"
"09/18/2024","245.50","248.00","248.00","244.40","451.26K","-0.20%"
"09/17/2024","246.00","246.00","249.40","245.30","724.75K","0.57%"
"09/16/2024","244.60","242.50","244.90","240.70","","2.30%"
"09/13/2024","239.10","240.00","242.60","238.00","614.26K","0.04%"
"09/12/2024","239.00","236.90","239.90","235.60","689.27K","-0.21%"
"09/11/2024","239.50","238.00","242.10","238.00","511.21K","1.05%"
"09/10/2024","237.00","241.60","246.20","236.50","736.79K","-0.17%"
"09/09/2024","237.40","237.00","240.30","236.70","540.95K","-1.98%"
"09/06/2024","242.20","237.10","242.40","236.00","795.86K","1.47%"
"09/05/2024","238.70","237.50","239.30","233.10","890.67K","-1.32%"
"09/04/2024","241.90","241.20","243.40","238.00","907.21K","-0.94%"
"09/03/2024","244.20","251.60","254.90","243.10","764.70K","-2.09%"
"09/02/2024","249.40","255.60","258.80","248.50","1.01M","-3.74%"
"08/30/2024","259.10","237.80","261.10","234.00","2.10M","5.80%"
"08/29/2024","244.90","244.50","246.50","241.80","514.22K","-0.20%"
"08/28/2024","245.40","251.40","251.40","245.40","530.92K","-2.54%"
"08/27/2024","251.80","256.00","256.00","250.30","447.40K","-1.68%"
"08/26/2024","256.10","252.70","257.80","251.70","453.68K","-0.47%"
"08/23/2024","257.30","253.90","257.60","250.50","741.31K","0.35%"
"08/22/2024","256.40","258.00","259.00","255.40","349.86K","-0.85%"
"08/21/2024","258.60","257.60","260.80","257.20","382.80K","-0.61%"
"08/20/2024","260.20","267.00","268.30","258.80","568.02K","-2.11%"
"08/19/2024","265.80","269.50","270.50","265.80","594.16K","-1.01%"
"08/16/2024","268.50","270.00","274.80","266.60","1.24M","2.60%"
"08/15/2024","261.70","258.00","265.00","256.00","814.08K","2.19%"
"08/14/2024","256.10","254.10","256.60","250.60","406.02K","1.19%"
"08/13/2024","253.10","257.00","259.10","251.80","413.67K","-1.02%"
"08/12/2024","255.70","253.00","256.40","252.70","443.94K","2.44%"
"08/09/2024","249.60","250.00","253.70","248.50","388.07K","0.60%"
"08/08/2024","248.10","248.10","249.90","244.70","528.19K","-1.74%"
"08/07/2024","252.50","248.80","256.40","248.60","730.77K","2.64%"
"08/06/2024","246.00","249.60","253.90","242.40","686.30K","-0.16%"
"08/05/2024","246.40","240.00","247.20","232.00","1.22M","-2.18%"
"08/02/2024","251.90","263.10","263.10","250.30","1.18M","-5.66%"
"08/01/2024","267.00","269.00","271.60","266.10","479.67K","-0.71%"
"07/31/2024","268.90","265.50","270.10","264.80","495.33K","2.20%"
"07/30/2024","263.10","267.00","268.50","261.80","435.06K","-2.01%"
"07/29/2024","268.50","259.30","268.80","259.30","563.28K","3.47%"
"07/26/2024","259.50","265.80","267.20","259.50","423.42K","-2.30%"
"07/25/2024","265.60","270.00","271.00","264.50","475.85K","-2.64%"
"07/24/2024","272.80","277.70","280.50","272.50","523.39K","-1.48%"
"07/23/2024","276.90","278.00","280.30","275.80","575.17K","0.76%"
"07/22/2024","274.80","264.00","275.20","263.50","944.56K","5.37%"
"07/19/2024","260.80","255.70","260.90","255.20","543.50K","2.76%"
"07/18/2024","253.80","252.60","256.40","250.70","554.96K","0.20%"
"07/17/2024","253.30","256.30","257.80","252.70","325.30K","-1.32%"
"07/16/2024","256.70","255.00","257.80","254.40","343.31K","0.98%"
"07/15/2024","254.20","253.40","255.50","250.90","386.10K","1.32%"
"07/12/2024","250.90","250.00","254.10","246.60","596.08K","2.58%"
"07/11/2024","244.60","249.80","250.40","244.50","615.10K","-2.39%"
"07/10/2024","250.60","252.00","252.50","248.20","407.15K","-0.36%"
"07/09/2024","251.50","255.40","255.40","248.50","650.13K","-0.20%"
"07/08/2024","252.00","253.50","258.20","251.10","713.07K","-3.37%"
"07/05/2024","260.80","263.30","263.70","260.30","400.26K","-0.84%"
"07/04/2024","263.00","267.70","267.70","263.00","395.22K","-2.01%"
"07/03/2024","268.40","269.30","270.70","267.20","329.78K","0.11%"
"07/02/2024","268.10","265.50","269.20","264.30","661.57K","2.13%"
"07/01/2024","262.50","277.50","279.10","262.30","1.29M","-6.15%"
"06/28/2024","279.70","281.00","283.40","279.00","412.11K","0.50%"
"06/27/2024","278.30","277.40","281.50","276.60","531.63K","0.87%"
"06/26/2024","275.90","273.00","277.70","272.60","458.66K","1.25%"
"06/25/2024","272.50","276.00","276.80","272.30","406.15K","-0.84%"
"06/24/2024","274.80","273.00","275.50","269.60","555.28K","1.55%"
"06/21/2024","270.60","267.50","274.00","266.70","1.06M","1.96%"
"06/20/2024","265.40","268.80","269.20","263.70","570.87K","-1.12%"
"06/19/2024","268.40","262.00","268.40","261.20","864.92K","3.39%"
"06/18/2024","259.60","256.60","262.10","255.90","568.43K","0.70%"
"06/17/2024","257.80","258.10","261.30","255.50","681.41K","-1.68%"
"06/14/2024","262.20","265.00","266.00","257.00","935.52K","-0.83%"
"06/13/2024","264.40","270.00","271.80","264.40","750.67K","-3.82%"
"06/12/2024","274.90","276.00","280.10","273.10","732.77K","-0.18%"
"06/11/2024","275.40","285.00","285.00","271.50","1.31M","-3.44%"
"06/10/2024","285.20","283.50","285.80","282.30","524.99K","0.78%"
"06/07/2024","283.00","284.10","285.00","277.60","870.84K","-0.98%"
"06/06/2024","285.80","288.70","292.00","284.50","675.36K","-0.10%"
"06/05/2024","286.10","285.60","286.80","281.40","902.58K","-1.82%"
"06/04/2024","291.40","291.10","291.90","287.10","758.20K","-0.03%"
"06/03/2024","291.50","300.30","300.60","290.10","1.20M","-3.09%"
"05/31/2024","300.80","301.00","309.20","300.00","1.89M","1.38%"
"05/30/2024","296.70","295.40","309.50","292.20","1.74M","-3.01%"
"05/29/2024","305.90","306.40","309.00","303.60","693.68K","0.53%"
"05/28/2024","304.30","310.80","311.50","302.20","872.32K","-1.78%"
"05/27/2024","309.80","305.00","310.70","304.70","462.02K","1.77%"
"05/24/2024","304.40","300.00","304.70","297.10","495.93K","1.40%"
"05/23/2024","300.20","301.50","306.60","299.30","728.91K","-0.30%"
"05/22/2024","301.10","309.00","314.20","300.10","1.31M","-1.54%"
"05/21/2024","305.80","299.10","306.00","299.10","907.20K","4.44%"
"05/16/2024","292.80","290.00","293.70","289.30","583.90K","1.46%"
"05/15/2024","288.60","290.00","291.20","285.40","724.43K","0.21%"
"05/14/2024","288.00","287.80","292.30","284.30","818.86K","0.28%"
"05/13/2024","287.20","286.70","290.30","285.10","657.55K","-0.17%"
"05/10/2024","287.70","278.50","289.20","278.10","1.56M","4.62%"
"05/08/2024","275.00","269.70","275.00","269.20","1.05M","2.65%"
"05/07/2024","267.90","267.20","268.40","264.20","428.40K","-0.59%"
"05/06/2024","269.50","268.60","271.80","267.50","554.54K","0.90%"
"05/03/2024","267.10","271.10","272.70","265.30","1.19M","0.41%"
"05/02/2024","266.00","261.00","267.00","260.60","654.58K","0.42%"
"04/30/2024","264.90","260.60","267.80","260.60","885.67K","2.00%"
"04/29/2024","259.70","262.00","263.40","258.50","570.14K","0.46%"
"04/26/2024","258.50","255.30","259.80","255.30","778.22K","2.74%"
"04/25/2024","251.60","250.00","252.50","248.20","715.95K","-1.41%"
"04/24/2024","255.20","253.90","256.40","252.90","482.28K","1.19%"
"04/23/2024","252.20","252.40","253.70","249.50","448.02K","0.80%"
"04/22/2024","250.20","254.00","254.00","249.30","666.56K","-2.42%"
"04/19/2024","256.40","255.20","257.10","252.00","871.35K","-0.93%"
"04/18/2024","258.80","265.70","266.30","257.70","1.00M","-3.97%"
"04/17/2024","269.50","266.10","270.50","265.70","709.52K","3.26%"
"04/16/2024","261.00","266.90","266.90","260.90","692.58K","-2.14%"
"04/15/2024","266.70","267.00","268.80","263.20","833.02K","-1.37%"
"04/12/2024","270.40","266.00","274.20","264.40","1.24M","2.39%"
"04/11/2024","264.10","253.20","266.10","253.20","2.49M","5.72%"
"04/10/2024","249.80","249.00","249.80","245.20","1.03M","0.08%"
"04/09/2024","249.60","251.80","254.00","249.10","760.44K","-0.08%"
"04/08/2024","249.80","257.00","257.50","249.70","1.11M","-3.89%"
"04/05/2024","259.90","259.50","261.90","257.20","1.03M","0.89%"
"04/04/2024","257.60","259.70","260.10","257.40","722.90K","-0.12%"
"04/03/2024","257.90","256.30","259.20","254.30","824.63K","1.14%"
"04/02/2024","255.00","257.00","260.10","253.00","1.69M","3.49%"
"03/27/2024","246.40","242.70","246.40","242.00","779.78K","1.55%"
"03/26/2024","242.65","245.20","245.80","241.75","676.24K","-2.08%"
"03/25/2024","247.80","247.75","250.80","245.10","625.36K","0.45%"
"03/22/2024","246.70","248.00","250.50","245.85","1.13M","-0.34%"
"03/21/2024","247.55","243.00","248.70","240.85","1.47M","3.66%"
"03/20/2024","238.80","248.05","248.05","237.25","1.74M","-4.33%"
"03/19/2024","249.60","252.50","253.40","249.50","1.19M","0.75%"
"03/18/2024","247.75","251.00","255.20","246.75","951.40K","-0.76%"
"03/15/2024","249.65","252.00","255.25","248.05","6.38M","1.92%"
"03/14/2024","244.95","241.65","245.80","240.35","1.46M","0.80%"
"03/13/2024","243.00","241.30","244.00","238.60","1.11M","1.63%"
"03/12/2024","239.10","239.20","240.95","236.30","616.49K","0.19%"
"03/11/2024","238.65","239.10","242.10","237.40","599.64K","-1.00%"
"03/08/2024","241.05","245.30","246.85","239.25","724.41K","-0.95%"
"03/07/2024","243.35","246.80","248.25","243.30","613.92K","-1.34%"
"03/06/2024","246.65","250.00","254.55","246.60","1.36M","-0.98%"
"03/05/2024","249.10","243.00","249.80","241.40","2.07M","3.32%"
"03/04/2024","241.10","238.55","243.15","235.30","1.35M","-0.17%"
"03/01/2024","241.50","241.00","245.15","238.00","1.16M","0.84%"
"02/29/2024","239.50","237.50","240.80","230.00","2.02M","-0.54%"
"02/28/2024","240.80","236.20","242.30","235.40","945.94K","1.95%"
"02/27/2024","236.20","243.80","243.80","233.90","1.06M","-3.12%"
"02/26/2024","243.80","242.00","244.80","240.90","579.66K","1.20%"
"02/23/2024","240.90","239.70","242.50","237.75","809.62K","0.96%"
"02/22/2024","238.60","240.50","244.05","238.60","1.16M","-3.54%"
"02/21/2024","247.35","247.15","247.95","242.55","975.50K","-2.48%"
"02/20/2024","253.65","256.10","256.10","248.85","1.07M","-1.17%"
"02/19/2024","256.65","257.00","258.90","254.55","825.06K","-0.23%"
"02/16/2024","257.25","252.55","258.45","252.55","1.90M","3.71%"
"02/15/2024","248.05","247.90","248.05","243.90","912.12K","0.55%"
"02/14/2024","246.70","246.00","250.65","245.05","1.39M","1.33%"
"02/13/2024","243.45","243.85","247.50","242.00","1.37M","0.47%"
"02/12/2024","242.30","236.00","243.25","235.45","1.47M","2.67%"
"02/09/2024","236.00","236.00","236.90","232.40","1.06M","0.77%"
"02/08/2024","234.20","234.90","237.95","232.20","1.49M","2.00%"
"02/07/2024","229.60","228.50","230.95","225.75","1.59M","-1.99%"
"02/06/2024","234.25","232.95","235.35","231.80","772.14K","1.41%"
"02/05/2024","231.00","231.00","237.00","230.50","1.20M","0.41%"
"02/02/2024","230.05","234.80","235.75","228.70","2.02M","-4.98%"
"02/01/2024","242.10","237.80","244.25","236.65","1.39M","2.63%"
"01/31/2024","235.90","237.50","239.75","234.55","1.07M","-0.36%"
"01/30/2024","236.75","234.05","237.55","230.60","1.26M","1.76%"
"01/29/2024","232.65","236.95","238.55","232.55","1.72M","1.35%"
"01/26/2024","229.55","227.40","230.00","225.35","766.80K","1.03%"
"01/25/2024","227.20","229.65","233.60","226.95","1.03M","-1.37%"
"01/24/2024","230.35","221.70","230.50","221.00","1.33M","4.63%"
"01/23/2024","220.15","227.80","227.80","218.50","1.59M","-4.03%"
"01/22/2024","229.40","232.00","233.45","228.90","644.71K","-0.78%"
"01/19/2024","231.20","233.30","235.60","230.45","904.24K","-0.96%"
"01/18/2024","233.45","236.70","237.65","233.05","1.13M","-1.29%"
"01/17/2024","236.50","232.70","236.75","231.00","1.29M","-0.84%"
"01/16/2024","238.50","232.40","240.90","230.10","2.21M","2.65%"
"01/15/2024","232.35","233.00","234.90","230.20","1.32M","-0.21%"
"01/12/2024","232.85","221.85","235.90","221.40","3.08M","7.28%"
"01/11/2024","217.05","227.25","227.40","216.15","2.13M","-5.11%"
"01/10/2024","228.75","227.85","229.75","225.90","849.39K","1.44%"
"01/09/2024","225.50","227.00","231.70","223.45","1.58M","0.53%"
"01/08/2024","224.30","230.00","233.50","221.10","3.08M","1.29%"
"01/05/2024","221.45","216.30","222.35","215.50","1.21M","0.00%"
"01/04/2024","221.45","219.60","222.60","219.50","1.40M","2.22%"
"01/03/2024","216.65","209.00","216.65","207.90","1.21M","2.75%"
"01/02/2024","210.85","209.00","213.40","208.80","1.23M","3.92%"
"12/29/2023","202.90","203.85","205.35","202.50","802.90K","-0.47%"
"12/28/2023","203.85","205.00","207.25","202.45","823.96K","-1.00%"
"12/27/2023","205.90","211.65","211.70","205.20","1.73M","-5.70%"
"12/22/2023","218.35","214.30","219.55","214.30","1.19M","2.90%"
"12/21/2023","212.20","211.00","215.50","210.10","743.43K","-0.98%"
"12/20/2023","214.30","213.10","216.45","212.85","994.34K","1.20%"
"12/19/2023","211.75","214.60","214.60","209.30","1.49M","-2.10%"
"12/18/2023","216.30","211.15","225.00","210.65","4.51M","6.97%"
"12/15/2023","202.20","201.20","207.25","200.00","2.24M","0.20%"
"12/14/2023","201.80","200.20","203.60","198.72","1.86M","-0.30%"
"12/13/2023","202.40","203.90","204.65","198.90","1.34M","-1.75%"
"12/12/2023","206.00","205.50","208.60","203.15","877.42K","-0.31%"
"12/11/2023","206.65","211.00","212.65","206.10","733.09K","-1.97%"
"12/08/2023","210.80","209.65","212.80","208.55","592.35K","0.72%"
"12/07/2023","209.30","211.95","213.15","207.10","1.26M","-2.20%"
"12/06/2023","214.00","212.50","216.10","211.20","947.33K","1.52%"
"12/05/2023","210.80","213.10","215.50","210.75","989.51K","-1.98%"
"12/04/2023","215.05","215.00","220.05","213.90","1.13M","-1.71%"
"12/01/2023","218.80","214.70","219.60","212.65","1.59M","2.77%"
"11/30/2023","212.90","215.00","216.10","208.00","3.86M","-5.34%"
"11/29/2023","224.90","231.20","231.75","222.65","2.02M","-4.70%"
"11/28/2023","236.00","237.30","237.65","234.75","622.24K","-0.55%"
"11/27/2023","237.30","243.00","244.35","237.05","924.15K","-2.41%"
"11/24/2023","243.15","237.55","244.50","237.50","1.25M","2.86%"
"11/23/2023","236.40","236.00","237.85","234.45","508.38K","0.60%"
"11/22/2023","235.00","235.40","236.70","231.50","923.36K","0.41%"
"11/21/2023","234.05","237.50","239.40","232.15","740.52K","-2.23%"
"11/20/2023","239.40","238.30","242.90","236.55","800.47K","0.91%"
"11/17/2023","237.25","232.10","237.70","230.55","989.90K","1.87%"
"11/16/2023","232.90","238.00","238.00","230.95","820.11K","-2.14%"
"11/15/2023","238.00","233.30","239.35","233.05","932.30K","1.97%"
"11/14/2023","233.40","239.05","240.15","232.40","1.05M","-2.89%"
"11/13/2023","240.35","238.80","241.60","237.55","537.55K","0.99%"
"11/10/2023","238.00","238.00","241.45","237.50","724.01K","-1.43%"
"11/09/2023","241.45","239.30","242.60","234.10","1.37M","0.86%"
"11/08/2023","239.40","242.15","246.35","238.20","1.06M","-1.03%"
"11/07/2023","241.90","247.20","247.30","240.15","1.35M","-3.24%"
"11/06/2023","250.00","249.10","254.00","248.25","804.46K","0.40%"
"11/03/2023","249.00","254.15","255.70","244.50","1.42M","-1.99%"
"11/02/2023","254.05","254.95","256.20","248.45","1.07M","0.08%"
"11/01/2023","253.85","250.65","254.55","245.55","1.06M","1.83%"
"10/31/2023","249.30","243.00","251.00","242.05","1.32M","2.59%"
"10/30/2023","243.00","247.05","249.40","242.15","1.20M","-0.41%"
"10/27/2023","244.00","239.10","245.90","239.10","1.08M","3.02%"
"10/26/2023","236.85","239.50","242.30","236.70","1.05M","-1.04%"
"10/25/2023","239.35","237.40","241.75","236.65","986.43K","1.38%"
"10/24/2023","236.10","230.30","237.50","230.30","1.48M","1.94%"
"10/23/2023","231.60","230.20","233.50","229.70","946.31K","0.87%"
"10/20/2023","229.60","229.00","232.05","227.35","1.15M","0.26%"
"10/19/2023","229.00","230.00","231.90","226.60","1.07M","-1.06%"
"10/18/2023","231.45","233.95","234.50","229.50","1.12M","-0.69%"
"10/17/2023","233.05","229.30","235.85","229.30","1.55M","2.48%"
"10/16/2023","227.40","228.50","231.20","224.80","1.62M","-0.04%"
"10/13/2023","227.50","223.40","228.00","222.05","1.66M","3.10%"
"10/12/2023","220.65","217.60","224.00","217.40","1.94M","3.18%"
"10/11/2023","213.85","216.00","216.35","211.25","1.17M","0.19%"
"10/10/2023","213.45","212.00","216.40","209.90","2.00M","1.91%"
"10/09/2023","209.45","201.00","211.45","199.00","3.26M","6.86%"
"10/06/2023","196.00","201.90","202.65","192.12","2.40M","-0.79%"
"10/05/2023","197.56","188.50","197.56","182.34","3.39M","4.70%"
"10/04/2023","188.70","195.50","196.00","188.06","1.12M","-3.48%"
"10/03/2023","195.50","195.00","198.16","194.50","976.34K","-2.20%"
"10/02/2023","199.90","200.10","201.30","198.04","1.14M","1.47%"
"09/29/2023","197.00","197.96","201.20","196.02","2.34M","1.38%"
"09/28/2023","194.32","198.00","198.96","190.00","1.39M","-3.08%"
"09/27/2023","200.50","197.08","201.20","194.82","1.06M","1.52%"
"09/26/2023","197.50","196.30","198.74","195.72","1.25M","2.55%"
"09/25/2023","192.58","195.00","195.76","191.38","825.93K","-1.21%"
"09/22/2023","194.94","192.80","195.00","190.10","1.25M","1.64%"
"09/21/2023","191.80","186.46","193.50","186.00","1.74M","3.68%"
"09/20/2023","185.00","183.42","185.50","181.36","882.23K","0.70%"
"09/19/2023","183.72","181.16","185.12","181.16","1.12M","1.87%"
"09/18/2023","180.34","176.42","180.70","175.72","1.02M","3.52%"
"09/15/2023","174.20","172.50","175.70","172.16","1.47M","0.01%"
"09/14/2023","174.18","172.56","176.50","171.28","1.45M","-3.41%"
"09/13/2023","180.32","179.80","180.66","176.52","1.10M","0.30%"
"09/12/2023","179.78","178.16","180.88","176.24","1.15M","0.17%"
"09/11/2023","179.48","182.54","183.64","178.92","1.02M","1.00%"
"09/08/2023","177.70","176.82","179.32","176.50","766.01K","0.82%"
"09/07/2023","176.26","176.58","178.74","175.66","1.23M","-1.10%"
"09/06/2023","178.22","177.82","180.50","177.12","1.08M","1.13%"
"09/05/2023","176.22","186.00","186.00","175.00","2.08M","-5.09%"
"09/04/2023","185.68","186.00","188.70","185.50","712.59K","-0.17%"
"09/01/2023","186.00","187.32","189.32","185.00","1.30M","-2.25%"
"08/31/2023","190.28","192.00","193.40","189.68","945.71K","-0.53%"
"08/30/2023","191.30","198.00","198.40","191.28","997.55K","-2.70%"
"08/29/2023","196.60","196.00","198.78","194.40","1.06M","-0.71%"
"08/28/2023","198.00","201.00","201.30","198.00","1.06M","0.94%"
"08/25/2023","196.16","193.96","198.46","192.46","1.16M","-0.50%"
"08/24/2023","197.14","190.00","197.38","188.02","2.37M","6.59%"
"08/23/2023","184.96","191.22","191.22","182.00","1.59M","-3.47%"
"08/22/2023","191.60","190.40","191.74","188.40","763.33K","0.99%"
"08/21/2023","189.72","190.18","192.80","189.50","758.54K","0.64%"
"08/18/2023","188.52","191.50","191.66","185.30","1.03M","-1.48%"
"08/17/2023","191.36","188.80","191.76","187.16","932.77K","1.25%"
"08/16/2023","189.00","184.40","190.38","184.00","1.50M","2.44%"
"08/15/2023","184.50","184.20","186.00","183.16","748.73K","0.44%"
"08/14/2023","183.70","182.66","184.62","181.40","689.95K","-0.43%"
"08/11/2023","184.50","181.24","185.94","179.96","1.46M","1.80%"
"08/10/2023","181.24","179.92","182.30","178.30","1.17M","0.95%"
"08/09/2023","179.54","177.90","179.90","176.04","862.29K","1.44%"
"08/08/2023","177.00","174.90","177.42","173.02","690.17K","1.19%"
"08/07/2023","174.92","178.12","180.34","173.58","1.07M","-0.91%"
"08/04/2023","176.52","176.46","180.94","174.48","1.82M","0.63%"
"08/03/2023","175.42","168.78","176.84","168.30","1.79M","4.26%"
"08/02/2023","168.26","169.80","171.30","167.04","972.07K","-1.89%"
"08/01/2023","171.50","170.50","172.48","169.70","1.46M","1.32%"
"07/31/2023","169.26","162.80","172.00","162.80","2.82M","5.87%"
"07/28/2023","159.88","156.62","159.96","156.62","763.99K","1.85%"
"07/27/2023","156.98","157.00","157.92","155.92","459.78K","0.18%"
"07/26/2023","156.70","157.30","159.02","155.40","756.28K","-0.24%"
"07/25/2023","157.08","151.50","158.12","150.90","1.65M","3.96%"
"07/24/2023","151.10","149.50","151.84","147.66","757.43K","1.21%"
"07/21/2023","149.30","151.00","153.50","149.20","872.81K","-0.56%"
"07/20/2023","150.14","150.46","152.50","148.72","883.92K","-0.61%"
"07/19/2023","151.06","152.00","152.00","149.40","569.44K","-0.88%"
"07/18/2023","152.40","152.10","153.92","151.84","523.38K","0.57%"
"07/17/2023","151.54","153.36","153.36","149.50","1.02M","-2.24%"
"07/14/2023","155.02","159.80","159.80","154.26","641.81K","-2.21%"
"07/13/2023","158.52","160.00","160.54","157.24","916.74K","-0.97%"
"07/12/2023","160.08","162.64","163.60","159.50","927.75K","-0.82%"
"07/11/2023","161.40","159.10","161.76","158.84","809.66K","0.65%"
"07/10/2023","160.36","163.00","164.06","160.36","725.37K","-1.06%"
"07/07/2023","162.08","159.88","162.84","159.50","1.06M","0.83%"
"07/06/2023","160.74","160.28","162.26","159.30","1.43M","2.19%"
"07/05/2023","157.30","156.70","157.68","154.02","937.38K","0.28%"
"07/04/2023","156.86","156.80","158.76","156.66","661.65K","-1.01%"
"07/03/2023","158.46","157.00","161.68","156.98","1.42M","2.58%"
"06/30/2023","154.48","153.02","156.56","152.90","975.42K","1.50%"
"06/29/2023","152.20","148.30","152.78","147.12","1.20M","3.71%"
"06/28/2023","146.76","145.20","148.42","144.82","1.40M","0.56%"
"06/27/2023","145.94","148.58","148.72","145.02","1.60M","-3.31%"
"06/26/2023","150.94","155.00","155.00","147.52","1.45M","-3.37%"
"06/23/2023","156.20","158.30","158.58","155.14","964.85K","-2.04%"
"06/22/2023","159.46","162.50","163.46","158.02","1.35M","-3.00%"
"06/21/2023","164.40","161.00","165.70","161.00","1.59M","2.66%"
"06/20/2023","160.14","162.60","163.00","159.00","1.15M","-1.56%"
"06/19/2023","162.68","162.00","162.84","160.50","892.50K","0.31%"
"06/16/2023","162.18","162.00","163.98","160.30","1.66M","0.23%"
"06/15/2023","161.80","161.38","165.98","160.14","2.44M","-1.44%"
"06/14/2023","164.16","163.60","166.42","161.48","2.49M","-0.69%"
"06/13/2023","165.30","163.50","169.20","162.50","2.80M","3.77%"
"06/12/2023","159.30","158.76","163.06","158.50","1.45M","0.78%"
"06/09/2023","158.06","156.02","158.94","155.14","1.25M","1.92%"
"06/08/2023","155.08","155.50","158.18","153.80","961.17K","0.39%"
"06/07/2023","154.48","154.80","157.42","153.08","1.13M","2.77%"
"06/06/2023","150.32","151.00","152.74","149.46","1.78M","-3.33%"
"06/05/2023","155.50","160.46","162.00","154.44","2.33M","-6.38%"
"06/02/2023","166.10","165.64","169.22","163.70","2.65M","-2.64%"
"06/01/2023","170.60","162.16","174.00","158.40","3.34M","8.06%"
"05/31/2023","157.88","166.90","168.00","153.56","3.10M","-5.01%"
"05/30/2023","166.20","168.00","170.64","164.60","1.68M","0.95%"
"05/26/2023","164.64","160.00","167.40","160.00","1.70M","3.51%"
"05/25/2023","159.06","156.24","161.12","155.76","1.13M","2.47%"
"05/24/2023","155.22","158.48","159.52","154.58","841.21K","-1.98%"
"05/23/2023","158.36","158.52","161.54","157.56","952.98K","-0.42%"
"05/22/2023","159.02","163.86","165.48","158.70","1.22M","-1.69%"
"05/19/2023","161.76","159.34","161.78","158.00","850.66K","1.10%"
"05/16/2023","160.00","158.02","162.16","156.18","970.70K","0.84%"
"05/15/2023","158.66","157.60","161.66","156.44","836.52K","-1.82%"
"05/12/2023","161.60","161.92","164.74","159.00","794.18K","0.90%"
"05/11/2023","160.16","155.00","160.94","154.16","1.29M","4.31%"
"05/10/2023","153.54","152.32","155.30","151.58","714.72K","0.88%"
"05/09/2023","152.20","150.22","152.20","149.04","956.89K","1.86%"
"05/08/2023","149.42","160.00","160.00","148.10","2.06M","-7.07%"
"05/05/2023","160.78","157.70","161.66","155.32","854.23K","2.80%"
"05/04/2023","156.40","160.54","161.30","154.72","826.27K","-2.59%"
"05/03/2023","160.56","163.08","163.14","159.62","852.84K","-1.38%"
"05/02/2023","162.80","166.80","167.80","161.38","857.46K","-1.60%"
"04/28/2023","165.44","163.60","165.44","160.12","770.95K","1.42%"
"04/27/2023","163.12","162.00","164.16","160.44","741.12K","-1.43%"
"04/26/2023","165.48","168.40","170.74","163.94","794.29K","-3.08%"
"04/25/2023","170.74","172.52","174.84","169.74","919.85K","-1.52%"
"04/24/2023","173.38","162.40","173.40","160.48","1.35M","6.56%"
"04/21/2023","162.70","169.50","169.50","162.02","1.03M","-5.19%"
"04/20/2023","171.60","175.00","175.00","169.90","737.38K","-2.20%"
"04/19/2023","175.46","178.60","180.66","174.78","898.61K","-1.98%"
"04/18/2023","179.00","173.60","179.00","173.30","1.30M","4.84%"
"04/17/2023","170.74","166.62","171.18","166.60","1.04M","3.67%"
"04/14/2023","164.70","162.50","166.46","162.50","1.42M","-0.27%"
"04/13/2023","165.14","158.90","165.68","157.00","2.22M","4.92%"
"04/12/2023","157.40","158.50","159.56","154.38","1.14M","-0.03%"
"04/11/2023","157.44","156.90","157.44","153.06","1.06M","2.29%"
"04/05/2023","153.92","154.18","155.98","151.98","636.06K","1.24%"
"04/04/2023","152.04","154.70","155.62","151.88","1.34M","-1.77%"
"04/03/2023","154.78","165.00","165.68","153.80","2.63M","-9.60%"
"03/31/2023","171.22","169.04","172.14","168.26","1.24M","0.87%"
"03/30/2023","169.74","171.74","173.00","168.24","1.15M","-2.31%"
"03/29/2023","173.76","176.00","176.00","172.04","581.39K","-0.70%"
"03/28/2023","174.98","173.94","176.66","173.62","674.47K","1.24%"
"03/27/2023","172.84","172.00","175.00","169.40","699.46K","1.42%"
"03/24/2023","170.42","175.00","176.50","168.54","1.59M","-5.33%"
"03/23/2023","180.02","178.00","183.66","176.88","1.01M","-0.32%"
"03/22/2023","180.60","185.50","186.50","177.84","802.24K","-1.61%"
"03/21/2023","183.56","180.00","186.30","179.86","1.50M","2.47%"
"03/20/2023","179.14","167.00","179.46","165.00","1.56M","4.39%"
"03/17/2023","171.60","176.42","181.00","171.12","2.35M","-0.74%"
"03/16/2023","172.88","173.02","175.80","169.36","1.49M","-0.21%"
"03/15/2023","173.24","180.10","182.62","169.76","2.06M","-9.96%"
"03/14/2023","192.40","186.00","192.78","184.88","1.37M","3.65%"
"03/13/2023","185.62","192.98","194.10","182.06","2.10M","-4.81%"
"03/10/2023","195.00","194.86","199.36","193.20","1.48M","-3.08%"
"03/09/2023","201.20","199.68","205.50","199.02","1.21M","0.10%"
"03/08/2023","201.00","192.50","201.75","191.66","1.48M","5.43%"
"03/07/2023","190.64","191.00","193.06","188.34","667.01K","0.45%"
"03/06/2023","189.78","197.46","197.46","189.00","978.44K","-2.68%"
"03/03/2023","195.00","192.04","197.58","191.90","1.27M","2.98%"
"03/02/2023","189.36","193.80","194.22","188.06","1.44M","-4.29%"
"03/01/2023","197.84","195.06","199.96","194.52","1.30M","2.92%"
"02/28/2023","192.22","194.00","195.44","185.24","1.83M","0.65%"
"02/27/2023","190.98","187.40","192.72","185.80","925.57K","2.23%"
"02/24/2023","186.82","184.14","187.50","182.20","1.14M","2.11%"
"02/23/2023","182.96","175.00","183.90","174.40","917.45K","4.86%"
"02/22/2023","174.48","179.42","180.30","173.82","1.42M","-4.13%"
"02/21/2023","182.00","175.82","184.20","175.34","1.24M","3.92%"
"02/20/2023","175.14","177.76","177.88","174.00","669.76K","-2.12%"
"02/17/2023","178.94","177.10","180.10","175.92","887.93K","0.65%"
"02/16/2023","177.78","178.54","180.50","174.52","1.26M","2.30%"
"02/15/2023","173.78","175.00","175.00","171.22","1.15M","-0.70%"
"02/14/2023","175.00","171.00","175.30","167.50","1.63M","3.80%"
"02/13/2023","168.60","165.38","168.96","163.80","777.24K","3.98%"
"02/10/2023","162.14","166.00","169.96","161.52","1.30M","-3.25%"
"02/09/2023","167.58","159.00","168.52","158.06","1.68M","5.21%"
"02/08/2023","159.28","159.00","160.54","153.70","1.17M","1.63%"
"02/07/2023","156.72","155.50","161.00","155.50","2.41M","1.44%"
"02/06/2023","154.50","148.00","156.90","148.00","1.34M","3.36%"
"02/03/2023","149.48","146.00","151.18","144.14","1.20M","4.15%"
"02/02/2023","143.52","145.46","147.52","143.50","1.64M","-0.64%"
"02/01/2023","144.44","138.28","145.50","138.18","1.76M","5.02%"
"01/31/2023","137.54","136.20","137.54","135.28","935.65K","-0.52%"
"01/30/2023","138.26","137.70","139.92","136.34","1.33M","2.51%"
"01/27/2023","134.88","130.98","135.34","130.30","920.36K","2.96%"
"01/26/2023","131.00","133.00","135.20","130.70","594.33K","0.35%"
"01/25/2023","130.54","135.90","135.90","130.30","792.20K","-3.29%"
"01/24/2023","134.98","136.50","136.50","132.56","949.28K","-1.66%"
"01/23/2023","137.26","141.00","141.50","136.04","1.43M","-0.77%"
"01/20/2023","138.32","137.00","140.34","136.32","1.62M","2.26%"
"01/19/2023","135.26","135.00","138.32","133.72","1.20M","-1.50%"
"01/18/2023","137.32","138.00","139.26","136.24","1.10M","-1.28%"
"01/17/2023","139.10","138.40","140.80","137.64","1.25M","0.77%"
"01/16/2023","138.04","136.90","142.38","136.20","1.90M","3.79%"
"01/13/2023","133.00","134.80","136.78","133.00","1.35M","-0.75%"
"01/12/2023","134.00","132.00","135.00","131.50","1.79M","-2.26%"
"01/11/2023","137.10","139.90","140.70","130.00","4.65M","0.15%"
"01/10/2023","136.90","135.00","142.10","128.60","10.08M","21.04%"
"01/09/2023","113.10","113.40","114.30","111.30","886.22K","-0.88%"
"01/06/2023","114.10","112.60","117.70","112.20","1.26M","0.62%"
"01/05/2023","113.40","109.90","113.50","108.10","1.69M","3.09%"
"01/04/2023","110.00","116.80","116.80","110.00","7.16M","-6.30%"
"01/03/2023","117.40","124.00","124.10","117.30","785.55K","-4.55%"
"01/02/2023","123.00","118.10","123.60","118.10","595.27K","4.59%"
"12/30/2022","117.60","118.80","120.10","116.80","824.26K","-1.18%"
"12/29/2022","119.00","117.00","120.80","115.80","864.93K","0.85%"
"12/28/2022","118.00","121.60","122.10","117.50","733.37K","-3.20%"
"12/27/2022","121.90","122.80","125.30","121.10","429.62K","-0.57%"
"12/23/2022","122.60","123.40","125.40","120.80","787.86K","0.16%"
"12/22/2022","122.40","127.40","128.00","121.90","1.25M","-4.00%"
"12/21/2022","127.50","129.70","132.00","126.10","1.05M","-2.75%"
"12/20/2022","131.10","126.40","131.50","125.60","1.12M","2.58%"
"12/19/2022","127.80","133.80","134.50","127.10","1.03M","-5.12%"
"12/16/2022","134.70","135.40","135.60","132.70","1.05M","-0.52%"
"12/15/2022","135.40","133.00","135.40","130.80","1.39M","0.30%"
"12/14/2022","135.00","137.10","139.00","134.50","1.06M","-0.88%"
"12/13/2022","136.20","141.30","143.70","136.20","1.89M","-2.37%"
"12/12/2022","139.50","130.00","139.90","129.70","2.37M","7.56%"
"12/09/2022","129.70","130.20","132.00","127.00","1.29M","0.08%"
"12/08/2022","129.60","123.10","130.70","122.60","2.07M","4.85%"
"12/07/2022","123.60","130.80","131.70","123.60","1.61M","-8.24%"
"12/06/2022","134.70","138.00","139.60","134.60","1.26M","-4.87%"
"12/05/2022","141.60","138.60","145.40","137.20","2.47M","6.47%"
"12/02/2022","133.00","132.00","135.80","131.60","1.17M","0.38%"
"12/01/2022","132.50","137.20","137.30","131.00","1.57M","-3.07%"
"11/30/2022","136.70","130.80","136.90","124.10","2.97M","2.70%"
"11/29/2022","133.10","132.70","133.60","128.10","1.22M","1.68%"
"11/28/2022","130.90","134.80","137.00","129.20","1.25M","-2.97%"
"11/25/2022","134.90","136.40","138.10","130.60","1.63M","-0.37%"
"11/24/2022","135.40","138.20","139.00","134.30","2.11M","-5.78%"
"11/23/2022","143.70","144.80","145.10","140.30","1.76M","-1.17%"
"11/22/2022","145.40","150.90","151.50","144.60","1.55M","-1.09%"
"11/21/2022","147.00","145.80","151.50","144.50","2.03M","1.87%"
"11/18/2022","144.30","145.00","147.10","141.80","1.20M","-1.16%"
"11/17/2022","146.00","142.80","146.00","139.10","1.26M","2.60%"
"11/16/2022","142.30","141.50","145.30","141.00","1.62M","3.79%"
"11/15/2022","137.10","136.00","139.00","134.50","776.43K","0.00%"
"11/14/2022","137.10","133.50","138.30","132.40","989.49K","2.08%"
"11/11/2022","134.30","136.30","139.20","133.50","1.28M","0.37%"
"11/10/2022","133.80","139.90","141.10","132.60","2.10M","-7.40%"
"11/09/2022","144.50","144.20","146.50","143.10","1.42M","0.63%"
"11/08/2022","143.60","138.50","143.60","138.00","1.21M","1.77%"
"11/07/2022","141.10","140.50","143.50","138.20","979.83K","0.43%"
"11/04/2022","140.50","141.10","144.40","140.00","1.40M","-0.35%"
"11/03/2022","141.00","137.00","142.00","137.00","1.58M","1.51%"
"11/02/2022","138.90","137.90","139.60","135.30","1.14M","0.73%"
"11/01/2022","137.90","131.80","138.60","131.70","1.64M","6.16%"
"10/31/2022","129.90","129.10","130.40","126.10","748.57K","0.93%"
"10/28/2022","128.70","131.60","131.90","127.70","767.03K","-1.76%"
"10/27/2022","131.00","133.50","136.40","130.60","1.12M","-2.96%"
"10/26/2022","135.00","132.50","135.10","131.10","701.69K","1.89%"
"10/25/2022","132.50","134.20","134.90","129.80","944.27K","-1.27%"
"10/24/2022","134.20","132.50","136.40","131.70","1.40M","4.11%"
"10/21/2022","128.90","128.00","130.20","127.00","622.99K","-1.07%"
"10/20/2022","130.30","131.00","132.80","128.30","757.07K","-0.53%"
"10/19/2022","131.00","136.00","136.00","127.80","1.51M","-3.61%"
"10/18/2022","135.90","132.00","136.10","131.00","1.58M","5.84%"
"10/17/2022","128.40","127.60","130.80","126.30","1.12M","3.46%"
"10/14/2022","124.10","120.00","125.60","119.00","1.73M","6.80%"
"10/13/2022","116.20","117.00","117.80","113.70","1.14M","3.75%"
"10/12/2022","112.00","114.00","116.80","111.70","1.01M","-0.88%"
"10/11/2022","113.00","116.50","116.50","111.50","822.19K","-3.99%"
"10/10/2022","117.70","115.70","119.20","113.40","1.04M","2.53%"
"10/07/2022","114.80","115.80","116.40","113.40","845.95K","1.06%"
"10/06/2022","113.60","109.70","116.80","109.00","1.48M","4.41%"
"10/05/2022","108.80","112.00","112.00","107.10","1.52M","-3.89%"
"10/04/2022","113.20","116.40","117.30","111.60","1.19M","-0.35%"
"10/03/2022","113.60","120.30","120.30","113.60","1.46M","-5.88%"
"09/30/2022","120.70","115.00","122.60","115.00","1.76M","3.43%"
"09/29/2022","116.70","124.40","125.20","115.80","1.21M","-5.12%"
"09/28/2022","123.00","126.00","126.40","119.30","1.89M","-3.45%"
"09/27/2022","127.40","128.70","131.00","125.50","1.03M","-2.90%"
"09/26/2022","131.20","124.90","131.90","123.00","1.73M","3.39%"
"09/23/2022","126.90","135.40","136.00","124.60","1.75M","-6.76%"
"09/22/2022","136.10","135.20","140.20","135.00","860.97K","-0.15%"
"09/21/2022","136.30","139.10","140.90","134.60","1.56M","-0.87%"
"09/20/2022","137.50","140.00","141.60","135.20","2.02M","1.18%"
"09/19/2022","135.90","128.60","137.00","122.50","1.65M","5.68%"
"09/16/2022","128.60","131.00","133.10","126.60","1.59M","-1.61%"
"09/15/2022","130.70","133.90","134.40","128.60","1.83M","-2.75%"
"09/14/2022","134.40","126.10","135.90","126.10","1.51M","5.00%"
"09/13/2022","128.00","127.50","128.80","125.80","1.38M","2.15%"
"09/12/2022","125.30","128.80","128.80","123.90","1.15M","-1.88%"
"09/09/2022","127.70","121.90","127.70","121.40","1.59M","8.04%"
"09/08/2022","118.20","120.50","121.50","115.00","1.11M","-2.72%"
"09/07/2022","121.50","127.90","128.40","117.70","2.25M","-3.65%"
"09/06/2022","126.10","121.00","127.50","118.60","2.85M","6.06%"
"09/05/2022","118.90","119.60","121.00","118.10","1.03M","0.25%"
"09/02/2022","118.60","118.30","119.30","116.10","1.04M","0.34%"
"09/01/2022","118.20","116.50","119.10","115.30","1.00M","1.11%"
"08/31/2022","116.90","114.70","116.90","112.40","1.09M","2.72%"
"08/30/2022","113.80","120.00","120.70","113.30","1.28M","-4.77%"
"08/29/2022","119.50","114.60","119.50","114.50","1.44M","5.75%"
"08/26/2022","113.00","114.10","116.90","110.90","1.33M","-2.59%"
"08/25/2022","116.00","119.00","121.40","114.80","1.92M","-1.86%"
"08/24/2022","118.20","114.60","118.20","114.00","1.22M","3.32%"
"08/23/2022","114.40","117.00","117.00","112.80","1.09M","-2.47%"
"08/22/2022","117.30","114.90","118.00","113.40","769.22K","1.47%"
"08/19/2022","115.60","116.50","117.00","113.40","725.41K","-0.77%"
"08/18/2022","116.50","118.50","118.70","115.50","1.26M","-1.02%"
"08/17/2022","117.70","112.50","117.70","111.90","1.91M","6.52%"
"08/16/2022","110.50","108.10","110.70","108.00","1.48M","3.85%"
"08/15/2022","106.40","108.30","109.00","105.00","552.38K","-1.75%"
"08/12/2022","108.30","110.10","110.90","107.40","695.67K","-1.28%"
"08/11/2022","109.70","105.50","109.90","105.10","2.37M","5.68%"
"08/10/2022","103.80","108.00","108.20","103.50","873.34K","-3.89%"
"08/09/2022","108.00","104.80","108.00","104.10","779.91K","2.47%"
"08/08/2022","105.40","103.30","105.60","100.60","891.03K","2.93%"
"08/05/2022","102.40","99.00","102.50","98.20","550.07K","2.20%"
"08/04/2022","100.20","100.20","101.00","97.20","646.81K","0.20%"
"08/03/2022","100.00","101.60","104.00","98.70","1.14M","-0.79%"
"08/02/2022","100.80","96.80","101.90","96.75","1.35M","4.51%"
"08/01/2022","96.45","94.80","98.30","94.40","1.30M","5.01%"
"07/29/2022","91.85","92.00","93.40","91.40","581.67K","-0.38%"
"07/28/2022","92.20","96.00","97.15","92.05","953.27K","-2.79%"
"07/27/2022","94.85","91.50","95.80","91.40","540.38K","3.21%"
"07/26/2022","91.90","92.80","94.25","91.15","828.22K","0.00%"
"07/25/2022","91.90","92.00","92.50","89.80","562.08K","-1.02%"
"07/22/2022","92.85","92.80","94.00","91.35","589.98K","1.48%"
"07/21/2022","91.50","92.35","94.45","91.45","580.76K","-0.71%"
"07/20/2022","92.15","94.00","94.60","91.90","557.39K","-0.65%"
"07/19/2022","92.75","92.55","94.15","90.35","1.12M","-0.16%"
"07/18/2022","92.90","90.20","93.00","90.20","1.22M","6.78%"
"07/15/2022","87.00","85.90","89.10","85.30","847.10K","1.87%"
"07/14/2022","85.40","86.80","87.50","85.25","598.57K","-0.58%"
"07/13/2022","85.90","84.05","88.00","83.15","975.11K","3.37%"
"07/12/2022","83.10","83.00","84.60","82.15","757.58K","1.34%"
"07/11/2022","82.00","83.70","85.30","82.00","655.03K","-2.38%"
"07/08/2022","84.00","86.00","86.00","83.10","902.36K","-2.67%"
"07/07/2022","86.30","82.20","87.80","81.45","1.26M","6.54%"
"07/06/2022","81.00","87.35","87.55","81.00","1.08M","-7.90%"
"07/05/2022","87.95","88.50","89.85","86.60","801.31K","0.06%"
"07/04/2022","87.90","89.60","90.35","87.05","467.67K","2.51%"
"07/01/2022","85.75","88.00","88.15","83.95","1.39M","-2.67%"
"06/30/2022","88.10","90.20","92.00","88.10","850.09K","-5.12%"
"06/29/2022","92.85","91.00","94.60","90.85","690.32K","1.03%"
"06/28/2022","91.90","92.60","93.85","91.30","607.56K","-1.02%"
"06/27/2022","92.85","90.00","93.00","89.80","1.11M","7.09%"
"06/24/2022","86.70","87.40","88.40","86.20","591.16K","-2.03%"
"06/23/2022","88.50","86.30","89.85","84.30","941.55K","1.72%"
"06/22/2022","87.00","88.00","90.20","85.70","810.78K","-1.53%"
"06/21/2022","88.35","85.10","88.55","84.80","927.50K","4.25%"
"06/20/2022","84.75","84.85","85.45","84.00","345.21K","-0.99%"
"06/17/2022","85.60","85.00","88.10","84.45","1.12M","-0.06%"
"06/16/2022","85.65","86.40","88.20","85.15","768.44K","-1.61%"
"06/15/2022","87.05","87.25","88.75","86.00","616.88K","-1.47%"
"06/14/2022","88.35","86.50","89.15","85.05","891.42K","2.67%"
"06/13/2022","86.05","89.00","91.75","85.65","1.05M","-4.60%"
"06/10/2022","90.20","89.40","91.50","86.20","1.40M","-1.31%"
"06/09/2022","91.40","93.20","93.35","89.30","1.04M","-1.93%"
"06/08/2022","93.20","97.50","97.75","92.30","985.33K","-3.72%"
"06/07/2022","96.80","95.75","97.45","94.05","1.09M","1.41%"
"06/03/2022","95.45","96.00","97.25","95.00","967.92K","-2.35%"
"06/02/2022","97.75","94.50","99.00","94.25","2.03M","6.02%"
"06/01/2022","92.20","90.30","93.00","89.85","1.51M","-1.23%"
"05/31/2022","93.35","94.25","95.65","92.00","2.81M","0.65%"
"05/30/2022","92.75","109.80","109.80","92.55","3.29M","-9.95%"
"05/27/2022","103.00","102.10","103.90","100.10","2.27M","6.08%"
"05/25/2022","97.10","91.45","97.20","89.55","2.97M","10.09%"
"05/24/2022","88.20","87.00","89.65","86.60","2.68M","4.63%"
"05/23/2022","84.30","88.00","89.20","83.25","1.31M","-2.09%"
"05/20/2022","86.10","86.00","87.20","84.50","1.19M","1.23%"
"05/19/2022","85.05","83.80","85.95","83.65","993.80K","-0.47%"
"05/18/2022","85.45","83.00","86.25","82.05","2.10M","3.14%"
"05/16/2022","82.85","79.00","82.95","78.50","1.17M","4.87%"
"05/13/2022","79.00","77.00","79.50","77.00","688.82K","4.71%"
"05/12/2022","75.45","77.95","78.15","74.25","765.76K","-3.64%"
"05/11/2022","78.30","77.10","79.35","76.15","677.30K","2.02%"
"05/10/2022","76.75","74.05","77.25","73.70","719.68K","0.13%"
"05/09/2022","76.65","82.70","82.70","76.55","1.07M","-7.71%"
"05/06/2022","83.05","81.30","84.60","81.00","861.36K","0.67%"
"05/05/2022","82.50","82.00","84.00","81.65","745.56K","0.06%"
"05/04/2022","82.45","79.50","84.00","79.50","1.47M","2.11%"
"05/03/2022","80.75","77.50","81.05","77.45","641.04K","2.87%"
"05/02/2022","78.50","78.50","78.85","76.80","465.75K","-0.51%"
"04/29/2022","78.90","79.55","80.15","78.20","632.11K","1.09%"
"04/28/2022","78.05","78.50","80.65","77.80","711.82K","-0.45%"
"04/27/2022","78.40","76.55","79.30","75.90","840.42K","4.88%"
"04/26/2022","74.75","75.00","75.85","74.30","464.60K","-0.20%"
"04/25/2022","74.90","77.00","77.00","74.25","871.68K","-5.07%"
"04/22/2022","78.90","77.50","79.65","76.25","772.32K","-0.75%"
"04/21/2022","79.50","78.20","79.60","77.55","758.55K","2.85%"
"04/20/2022","77.30","80.80","80.80","76.80","1.10M","-3.86%"
"04/19/2022","80.40","81.60","84.45","79.65","1.09M","-3.07%"
"04/13/2022","82.95","81.95","83.30","81.75","655.43K","1.47%"
"04/12/2022","81.75","82.00","83.25","80.20","1.46M","-1.62%"
"04/11/2022","83.10","84.30","85.90","81.75","1.58M","1.09%"
"04/08/2022","82.20","79.40","82.90","79.10","2.63M","4.25%"
"04/07/2022","78.85","85.00","86.00","77.50","6.48M","-6.47%"
"04/06/2022","84.30","82.00","84.85","80.95","1.21M","2.62%"
"04/05/2022","82.15","81.75","83.80","80.20","911.75K","0.31%"
"04/04/2022","81.90","80.45","82.25","79.40","993.45K","1.68%"
"04/01/2022","80.55","78.00","81.25","77.20","1.25M","4.39%"
"03/31/2022","77.16","75.00","77.48","74.62","1.25M","2.14%"
"03/30/2022","75.54","72.20","75.60","71.82","1.19M","6.57%"
"03/29/2022","70.88","74.46","74.60","68.66","1.64M","-5.01%"
"03/28/2022","74.62","74.00","77.14","73.82","1.29M","1.94%"
"03/25/2022","73.20","71.50","73.76","70.62","1.16M","1.67%"
"03/24/2022","72.00","74.76","74.76","72.00","1.04M","-3.79%"
"03/23/2022","74.84","74.28","75.44","73.84","695.75K","0.75%"
"03/22/2022","74.28","75.00","75.38","73.54","551.46K","-0.96%"
"03/21/2022","75.00","75.34","75.88","72.44","1.24M","-0.16%"
"03/18/2022","75.12","75.50","76.40","74.82","1.04M","-1.13%"
"03/17/2022","75.98","75.80","77.16","75.32","891.74K","0.50%"
"03/16/2022","75.60","74.28","76.62","74.08","1.03M","3.56%"
"03/15/2022","73.00","71.86","74.52","71.62","1.32M","-0.84%"
"03/14/2022","73.62","75.36","75.52","72.50","1.04M","-2.98%"
"03/11/2022","75.88","78.30","78.66","75.88","1.14M","-3.02%"
"03/10/2022","78.24","78.48","80.08","77.10","1.41M","0.44%"
"03/09/2022","77.90","84.06","84.50","77.90","1.77M","-7.70%"
"03/08/2022","84.40","91.50","91.78","83.90","2.78M","-5.49%"
"03/07/2022","89.30","83.38","90.00","82.70","3.74M","9.30%"
"03/04/2022","81.70","80.82","82.42","77.48","1.95M","2.00%"
"03/03/2022","80.10","80.10","83.60","74.40","4.30M","0.05%"
"03/02/2022","80.06","85.00","86.40","79.34","3.16M","-6.73%"
"03/01/2022","85.84","85.00","88.96","84.38","2.36M","1.51%"
"02/28/2022","84.56","80.30","86.08","80.22","3.28M","8.41%"
"02/25/2022","78.00","78.76","80.66","76.80","1.95M","1.01%"
"02/24/2022","77.22","74.70","78.72","74.70","2.13M","2.36%"
"02/23/2022","75.44","75.00","76.68","74.16","1.17M","0.96%"
"02/22/2022","74.72","69.42","74.80","69.12","1.55M","4.65%"
"02/21/2022","71.40","72.18","72.82","70.80","940.74K","-2.67%"
"02/18/2022","73.36","73.46","75.38","72.22","1.72M","0.33%"
"02/17/2022","73.12","66.50","73.40","66.50","2.59M","8.91%"
"02/16/2022","67.14","67.30","68.86","66.18","916.19K","0.09%"
"02/15/2022","67.08","66.54","67.38","65.74","871.34K","0.72%"
"02/14/2022","66.60","67.30","67.40","65.60","805.60K","-1.13%"
"02/11/2022","67.36","64.84","67.40","64.06","862.09K","2.59%"
"02/10/2022","65.66","62.02","65.86","62.02","1.43M","5.90%"
"02/09/2022","62.00","63.00","63.02","61.52","464.76K","-0.86%"
"02/08/2022","62.54","62.24","62.98","61.52","690.28K","0.48%"
"02/07/2022","62.24","61.00","62.24","59.20","894.98K","3.73%"
"02/04/2022","60.00","59.40","60.00","58.60","860.55K","2.21%"
"02/03/2022","58.70","60.98","60.98","58.20","740.14K","-3.99%"
"02/02/2022","61.14","61.60","62.10","60.30","1.02M","2.07%"
"02/01/2022","59.90","57.68","59.90","57.10","779.66K","3.20%"
"01/31/2022","58.04","59.42","59.70","57.12","766.01K","-2.29%"
"01/28/2022","59.40","60.26","60.34","58.78","590.62K","-0.64%"
"01/27/2022","59.78","58.02","60.64","57.60","674.95K","0.27%"
"01/26/2022","59.62","58.40","59.78","57.98","928.54K","4.52%"
"01/25/2022","57.04","57.28","57.98","55.78","1.08M","2.55%"
"01/24/2022","55.62","57.44","57.58","55.38","1.68M","-4.07%"
"01/21/2022","57.98","60.00","60.36","57.74","1.73M","-5.35%"
"01/20/2022","61.26","62.40","62.40","60.88","1.13M","-2.27%"
"01/19/2022","62.68","64.00","64.04","62.58","1.17M","-2.61%"
"01/18/2022","64.36","64.64","65.00","63.74","757.85K","-0.12%"
"01/17/2022","64.44","65.80","66.00","63.80","698.93K","-1.92%"
"01/14/2022","65.70","66.34","66.66","64.72","807.70K","-0.76%"
"01/13/2022","66.20","68.14","68.16","66.14","842.77K","-2.82%"
"01/12/2022","68.12","68.00","68.54","67.28","1.14M","0.92%"
"01/11/2022","67.50","65.60","67.66","65.34","1.14M","4.26%"
"01/10/2022","64.74","65.90","66.14","64.20","1.14M","-2.41%"
"01/07/2022","66.34","66.10","67.08","65.70","1.10M","0.00%"
"01/06/2022","66.34","65.00","67.72","64.50","1.44M","0.15%"
"01/05/2022","66.24","66.82","66.88","65.72","1.46M","-1.08%"
"01/04/2022","66.96","68.38","69.58","66.74","2.06M","-0.68%"
"01/03/2022","67.42","64.60","67.50","64.50","2.83M","7.36%"
"12/30/2021","62.80","62.22","63.22","61.50","859.87K","1.00%"
"12/29/2021","62.18","64.10","64.40","62.10","1.09M","-3.98%"
"12/28/2021","64.76","63.10","64.94","63.00","995.91K","1.79%"
"12/27/2021","63.62","63.12","64.80","62.80","943.17K","1.05%"
"12/23/2021","62.96","63.88","64.86","62.40","1.55M","-0.19%"
"12/22/2021","63.08","63.80","64.96","62.40","2.42M","1.94%"
"12/21/2021","61.88","61.34","62.00","61.08","607.67K","1.44%"
"12/20/2021","61.00","59.40","61.24","58.60","642.13K","1.53%"
"12/17/2021","60.08","61.00","61.36","60.00","1.35M","-1.73%"
"12/16/2021","61.14","60.10","61.24","59.74","627.48K","3.63%"
"12/15/2021","59.00","60.32","61.04","58.84","617.39K","-2.99%"
"12/14/2021","60.82","61.80","61.90","59.34","1.07M","-2.44%"
"12/13/2021","62.34","63.00","64.20","61.90","758.44K","-1.52%"
"12/10/2021","63.30","63.10","64.26","63.10","411.73K","-1.03%"
"12/09/2021","63.96","65.30","65.30","62.80","624.41K","-1.78%"
"12/08/2021","65.12","65.40","65.40","63.54","715.12K","0.18%"
"12/07/2021","65.00","62.94","65.38","62.70","1.19M","5.52%"
"12/06/2021","61.60","61.30","61.78","60.18","531.17K","0.98%"
"12/03/2021","61.00","63.50","63.50","60.72","829.72K","-2.34%"
"12/02/2021","62.46","59.90","62.84","59.36","1.67M","1.69%"
"12/01/2021","61.42","62.00","64.22","61.14","1.54M","0.72%"
"11/30/2021","60.98","58.98","61.94","58.60","1.43M","0.76%"
"11/29/2021","60.52","62.00","63.30","59.20","2.08M","-1.53%"
"11/26/2021","61.46","62.34","62.70","61.06","1.09M","-4.92%"
"11/25/2021","64.64","64.20","66.10","63.76","616.45K","0.65%"
"11/24/2021","64.22","63.02","64.22","62.54","891.31K","2.42%"
"11/23/2021","62.70","64.80","64.80","61.56","1.37M","-3.00%"
"11/22/2021","64.64","65.00","65.50","63.42","766.82K","0.09%"
"11/19/2021","64.58","66.02","66.70","64.12","1.19M","-1.31%"
"11/18/2021","65.44","66.10","66.44","64.88","740.38K","-2.53%"
"11/17/2021","67.14","67.44","68.40","65.92","1.09M","-0.36%"
"11/16/2021","67.38","70.12","70.26","67.08","1.40M","-4.40%"
"11/15/2021","70.48","73.24","73.64","70.10","777.91K","-3.27%"
"11/12/2021","72.86","74.06","74.78","72.22","870.27K","-1.38%"
"11/11/2021","73.88","71.44","73.90","70.82","827.49K","3.16%"
"11/10/2021","71.62","71.84","73.04","71.10","581.94K","-0.11%"
"11/09/2021","71.70","72.26","73.30","71.24","997.17K","-2.05%"
"11/08/2021","73.20","74.10","74.40","72.00","1.01M","-1.72%"
"11/05/2021","74.48","77.00","77.00","73.92","819.29K","-3.27%"
"11/04/2021","77.00","77.10","79.20","76.54","1.34M","-0.10%"
"11/03/2021","77.08","76.18","77.32","75.24","601.11K","0.84%"
"11/02/2021","76.44","76.72","78.24","75.80","1.03M","-0.31%"
"11/01/2021","76.68","76.02","77.00","74.80","757.61K","2.10%"
"10/29/2021","75.10","75.00","76.80","74.64","664.73K","1.00%"
"10/28/2021","74.36","77.12","77.12","74.16","1.26M","-4.42%"
"10/27/2021","77.80","77.04","78.70","75.00","1.72M","0.21%"
"10/26/2021","77.64","78.90","79.60","77.32","1.14M","-0.10%"
"10/25/2021","77.72","77.62","78.80","77.32","947.35K","0.23%"
"10/22/2021","77.54","77.40","79.24","76.80","959.90K","-1.35%"
"10/21/2021","78.60","79.00","80.92","78.42","828.03K","-0.13%"
"10/20/2021","78.70","81.00","81.38","78.00","1.32M","-2.48%"
"10/19/2021","80.70","79.80","82.36","78.78","2.10M","3.57%"
"10/18/2021","77.92","77.12","78.04","75.76","859.72K","1.72%"
"10/15/2021","76.60","76.00","77.28","74.78","977.49K","0.13%"
"10/14/2021","76.50","74.40","77.48","74.40","1.27M","3.32%"
"10/13/2021","74.04","77.50","77.50","73.42","1.48M","-4.32%"
"10/12/2021","77.38","77.70","78.26","76.50","797.44K","-0.79%"
"10/11/2021","78.00","76.30","78.48","76.00","794.67K","-0.59%"
"10/08/2021","78.46","79.50","80.42","77.22","764.63K","0.03%"
"10/07/2021","78.44","80.00","80.72","77.84","928.08K","-0.36%"
"10/06/2021","78.72","81.04","81.44","77.92","1.16M","-1.97%"
"10/05/2021","80.30","79.06","80.38","77.30","1.28M","0.17%"
"10/04/2021","80.16","85.00","85.00","79.86","1.79M","-5.47%"
"10/01/2021","84.80","80.14","85.10","79.00","2.14M","6.27%"
"09/30/2021","79.80","79.52","81.08","79.02","1.46M","1.66%"
"09/29/2021","78.50","75.64","78.50","74.52","1.28M","4.67%"
"09/28/2021","75.00","77.96","78.30","74.56","1.59M","-4.24%"
"09/27/2021","78.32","73.50","78.58","73.50","2.66M","8.15%"
"09/24/2021","72.42","70.00","72.42","69.16","946.29K","4.02%"
"09/23/2021","69.62","72.00","72.92","69.56","1.06M","-2.38%"
"09/22/2021","71.32","68.94","71.58","68.54","1.59M","5.16%"
"09/21/2021","67.82","66.94","68.50","65.02","1.63M","3.23%"
"09/20/2021","65.70","69.02","69.02","65.10","1.05M","-6.22%"
"09/17/2021","70.06","69.56","71.84","69.28","1.76M","1.45%"
"09/16/2021","69.06","68.26","70.56","68.20","1.10M","0.23%"
"09/15/2021","68.90","66.78","69.28","66.62","788.88K","2.84%"
"09/14/2021","67.00","68.46","69.16","66.60","1.31M","-1.47%"
"09/13/2021","68.00","68.50","68.96","67.40","613.32K","-0.99%"
"09/10/2021","68.68","71.26","71.26","68.62","678.12K","-3.94%"
"09/09/2021","71.50","68.20","72.22","67.64","1.44M","6.43%"
"09/08/2021","67.18","68.50","70.00","67.18","719.90K","-4.08%"
"09/07/2021","70.04","66.80","70.82","66.80","866.41K","3.95%"
"09/06/2021","67.38","66.58","67.58","65.80","251.33K","1.94%"
"09/03/2021","66.10","68.30","68.30","66.10","580.32K","-3.64%"
"09/02/2021","68.60","66.06","68.84","65.90","752.42K","4.45%"
"09/01/2021","65.68","62.30","66.32","62.20","937.69K","6.87%"
"08/31/2021","61.46","63.00","63.84","61.20","832.03K","-2.66%"
"08/30/2021","63.14","64.62","65.60","63.12","927.90K","-1.96%"
"08/27/2021","64.40","67.60","67.60","63.90","1.19M","-4.68%"
"08/26/2021","67.56","64.80","68.04","63.10","932.38K","1.47%"
"08/25/2021","66.58","66.30","66.92","65.90","196.45K","0.42%"
"08/24/2021","66.30","65.94","66.92","65.72","216.79K","0.36%"
"08/23/2021","66.06","66.50","66.80","65.54","319.84K","0.76%"
"08/20/2021","65.56","64.80","66.94","64.60","516.57K","-2.21%"
"08/19/2021","67.04","67.22","67.86","65.80","482.43K","0.21%"
"08/18/2021","66.90","67.50","67.82","66.30","290.45K","-0.48%"
"08/17/2021","67.22","65.54","67.22","64.00","366.36K","3.19%"
"08/16/2021","65.14","64.80","65.74","63.92","294.98K","0.28%"
"08/13/2021","64.96","66.10","66.46","64.86","258.04K","-2.17%"
"08/12/2021","66.40","68.00","68.06","66.22","197.24K","-1.40%"
"08/11/2021","67.34","64.68","68.46","64.44","859.44K","5.15%"
"08/10/2021","64.04","64.90","65.30","62.78","568.92K","-2.29%"
"08/09/2021","65.54","67.20","67.20","64.98","427.67K","-2.18%"
"08/06/2021","67.00","66.90","67.00","66.00","352.12K","0.84%"
"08/05/2021","66.44","67.50","67.50","66.16","455.14K","-2.01%"
"08/04/2021","67.80","68.50","68.86","67.10","291.31K","-0.76%"
"08/03/2021","68.32","70.30","70.42","67.70","421.71K","-3.50%"
"08/02/2021","70.80","71.00","71.56","70.08","207.15K","-0.03%"
"07/30/2021","70.82","70.08","71.00","69.32","275.21K","0.83%"
"07/29/2021","70.24","71.12","71.50","70.00","370.28K","-0.26%"
"07/28/2021","70.42","70.06","70.60","69.10","212.99K","0.89%"
"07/27/2021","69.80","71.26","72.14","69.50","443.10K","-4.62%"
"07/26/2021","73.18","71.00","73.24","70.34","322.61K","3.10%"
"07/23/2021","70.98","71.58","72.62","70.90","270.75K","-0.84%"
"07/22/2021","71.58","73.12","73.86","71.46","368.10K","-1.38%"
"07/21/2021","72.58","71.20","72.88","70.32","332.91K","3.18%"
"07/20/2021","70.34","68.82","71.58","68.82","662.47K","2.42%"
"07/19/2021","68.68","71.60","71.70","68.00","847.47K","-3.51%"
"07/16/2021","71.18","72.50","73.30","71.18","439.94K","-1.00%"
"07/15/2021","71.90","73.42","73.42","71.14","615.42K","-2.92%"
"07/14/2021","74.06","71.90","75.34","71.62","907.81K","0.87%"
"07/13/2021","73.42","74.62","75.26","73.42","299.19K","-1.69%"
"07/12/2021","74.68","75.32","75.44","73.86","364.91K","-0.43%"
"07/09/2021","75.00","75.40","75.90","74.66","363.95K","0.67%"
"07/08/2021","74.50","76.54","76.80","74.32","661.09K","-4.24%"
"07/07/2021","77.80","77.26","80.14","77.20","760.75K","-0.05%"
"07/06/2021","77.84","81.52","81.60","77.84","1.01M","-4.33%"
"07/05/2021","81.36","77.92","81.80","77.70","1.18M","5.06%"
"07/02/2021","77.44","75.90","78.90","75.70","833.34K","1.63%"
"07/01/2021","76.20","78.30","78.92","76.10","830.43K","-1.96%"
"06/30/2021","77.72","73.28","78.20","73.28","946.97K","5.60%"
"06/29/2021","73.60","74.00","74.30","73.00","546.69K","-0.43%"
"06/28/2021","73.92","75.50","76.42","73.92","457.94K","-2.56%"
"06/25/2021","75.86","73.80","76.62","73.80","1.07M","2.46%"
"06/24/2021","74.04","74.50","74.94","73.82","296.32K","-0.94%"
"06/23/2021","74.74","72.60","75.00","72.52","829.11K","2.98%"
"06/22/2021","72.58","72.90","73.50","72.20","314.65K","-0.49%"
"06/21/2021","72.94","70.60","72.94","69.34","473.10K","1.93%"
"06/18/2021","71.56","72.98","73.00","70.86","976.74K","-1.95%"
"06/17/2021","72.98","73.80","73.98","72.30","535.85K","0.80%"
"06/16/2021","72.40","71.62","72.64","71.18","460.85K","1.17%"
"06/15/2021","71.56","73.10","73.32","71.42","386.63K","-2.08%"
"06/14/2021","73.08","73.84","74.10","72.70","284.47K","-0.54%"
"06/11/2021","73.48","71.94","73.98","71.74","677.54K","2.88%"
"06/10/2021","71.42","70.16","71.96","69.60","403.57K","2.15%"
"06/09/2021","69.92","71.20","71.20","69.30","310.51K","-0.91%"
"06/08/2021","70.56","70.20","71.26","69.70","276.69K","0.37%"
"06/07/2021","70.30","69.98","70.62","68.82","470.35K","-0.68%"
"06/04/2021","70.78","70.32","70.98","69.36","479.83K","0.34%"
"06/03/2021","70.54","71.22","71.82","69.88","823.57K","-2.94%"
"06/02/2021","72.68","73.30","73.70","72.24","365.52K","-0.63%"
"06/01/2021","73.14","72.62","73.50","71.34","954.76K","1.87%"
"05/31/2021","71.80","71.22","72.60","70.86","600.94K","1.44%"
"05/28/2021","70.78","69.00","70.88","68.54","787.96K","1.93%"
"05/27/2021","69.44","72.40","73.56","69.14","1.01M","-2.25%"
"05/26/2021","71.04","73.00","73.00","70.10","613.15K","-1.74%"
"05/25/2021","72.30","75.46","75.50","72.02","1.84M","-2.19%"
"05/21/2021","73.92","70.00","74.80","70.00","1.98M","6.57%"
"05/20/2021","69.36","68.50","69.64","68.10","1.10M","2.42%"
"05/19/2021","67.72","66.58","69.46","66.40","1.53M","2.39%"
"05/18/2021","66.14","65.08","67.36","65.08","1.35M","2.07%"
"05/14/2021","64.80","65.10","65.50","63.80","774.91K","-1.07%"
"05/12/2021","65.50","65.06","65.50","64.18","652.28K","0.68%"
"05/11/2021","65.06","66.36","66.38","64.06","816.41K","-3.61%"
"05/10/2021","67.50","65.96","67.96","65.92","1.15M","3.37%"
"05/07/2021","65.30","64.80","66.28","64.38","902.65K","2.16%"
"05/06/2021","63.92","66.30","66.56","63.30","1.13M","-3.27%"
"05/05/2021","66.08","65.46","66.50","65.10","781.99K","0.76%"
"05/04/2021","65.58","65.94","66.88","65.20","1.10M","0.95%"
"05/03/2021","64.96","63.50","65.48","63.26","912.10K","1.88%"
"04/30/2021","63.76","63.96","64.78","62.86","708.10K","0.13%"
"04/29/2021","63.68","61.60","64.72","61.60","1.37M","3.98%"
"04/28/2021","61.24","60.00","61.54","59.52","976.80K","0.72%"
"04/27/2021","60.80","60.78","61.78","60.50","466.98K","0.53%"
"04/26/2021","60.48","61.82","62.00","60.48","615.47K","-2.45%"
"04/23/2021","62.00","62.24","62.40","61.18","377.05K","-0.48%"
"04/22/2021","62.30","61.50","63.00","61.50","669.84K","1.43%"
"04/21/2021","61.42","60.86","61.42","59.62","621.69K","0.52%"
"04/20/2021","61.10","61.16","63.88","60.80","1.18M","0.46%"
"04/19/2021","60.82","59.42","61.74","59.40","904.41K","3.93%"
"04/16/2021","58.52","58.30","59.48","58.00","650.62K","-2.56%"
"04/15/2021","60.06","58.52","60.38","58.30","1.00M","3.27%"
"04/14/2021","58.16","57.00","58.38","56.62","901.86K","2.57%"
"04/13/2021","56.70","58.36","58.36","56.50","1.61M","-2.88%"
"04/12/2021","58.38","62.12","62.26","58.06","1.91M","-8.78%"
"04/09/2021","64.00","64.30","64.74","63.80","384.56K","0.00%"
"04/08/2021","64.00","65.52","65.70","63.90","735.75K","-0.62%"
"04/07/2021","64.40","63.50","65.38","62.92","560.30K","1.26%"
"04/06/2021","63.60","62.90","63.92","62.68","625.38K","1.60%"
"03/31/2021","62.60","60.95","62.60","60.80","600.22K","1.29%"
"03/30/2021","61.80","63.80","64.40","61.65","902.43K","-2.37%"
"03/29/2021","63.30","67.55","67.90","63.30","2.73M","-10.02%"
"03/26/2021","70.35","66.40","70.80","65.95","2.15M","10.44%"
"03/25/2021","63.70","66.20","66.40","62.55","1.36M","-2.82%"
"03/24/2021","65.55","63.50","65.95","63.00","755.76K","1.86%"
"03/23/2021","64.35","67.10","67.10","63.65","582.42K","-3.23%"
"03/22/2021","66.50","66.50","67.80","65.80","537.49K","0.45%"
"03/19/2021","66.20","65.90","67.30","64.60","2.05M","-3.15%"
"03/18/2021","68.35","64.90","69.40","64.45","1.36M","6.46%"
"03/17/2021","64.20","65.75","66.15","62.75","886.87K","-3.31%"
"03/16/2021","66.40","67.60","68.25","65.65","1.30M","-0.15%"
"03/15/2021","66.50","64.40","66.80","64.10","851.02K","3.26%"
"03/12/2021","64.40","64.50","64.90","63.00","1.03M","-0.46%"
"03/11/2021","64.70","62.50","65.35","61.75","1.70M","6.59%"
"03/10/2021","60.70","60.50","60.95","59.30","434.14K","-0.08%"
"03/09/2021","60.75","60.05","60.90","59.35","629.24K","1.67%"
"03/08/2021","59.75","59.60","60.35","59.05","726.38K","2.14%"
"03/05/2021","58.50","60.55","60.55","57.80","1.12M","-5.19%"
"03/04/2021","61.70","61.85","62.45","60.90","785.77K","0.33%"
"03/03/2021","61.50","61.30","62.25","60.50","617.78K","0.49%"
"03/02/2021","61.20","59.90","61.25","59.05","640.20K","1.32%"
"03/01/2021","60.40","58.70","60.40","58.55","673.16K","3.07%"
"02/26/2021","58.60","59.90","60.20","58.05","743.11K","-2.90%"
"02/25/2021","60.35","58.60","60.35","58.35","777.77K","1.51%"
"02/24/2021","59.45","59.10","59.70","58.15","871.02K","-1.98%"
"02/23/2021","60.65","61.50","61.60","58.60","1.02M","-2.10%"
"02/22/2021","61.95","63.90","63.90","60.60","856.34K","-0.32%"
"02/19/2021","62.15","61.10","63.40","61.10","1.07M","1.64%"
"02/18/2021","61.15","64.80","64.80","61.15","1.34M","-6.00%"
"02/17/2021","65.05","64.30","65.50","63.45","1.32M","1.88%"
"02/16/2021","63.85","62.30","65.55","62.10","2.12M","4.50%"
"02/15/2021","61.10","59.95","61.15","59.40","747.73K","4.27%"
"02/12/2021","58.60","57.45","58.60","57.15","484.21K","2.36%"
"02/11/2021","57.25","58.00","58.90","57.10","601.38K","0.62%"
"02/10/2021","56.90","56.45","57.45","55.80","802.34K","1.61%"
"02/09/2021","56.00","57.00","57.65","55.60","865.96K","-1.75%"
"02/08/2021","57.00","57.00","57.35","55.30","849.84K","2.80%"
"02/05/2021","55.45","54.80","57.75","54.35","1.73M","3.64%"
"02/04/2021","53.50","53.05","54.55","53.00","593.65K","1.13%"
"02/03/2021","52.90","52.20","52.95","51.90","463.78K","1.93%"
"02/02/2021","51.90","51.10","52.00","50.70","587.73K","1.86%"
"02/01/2021","50.95","49.60","51.45","49.46","596.15K","1.90%"
"01/29/2021","50.00","49.60","50.20","48.82","737.56K","0.08%"
"01/28/2021","49.96","50.45","51.15","49.78","857.30K","-1.56%"
"01/27/2021","50.75","51.20","51.80","50.55","428.87K","-1.74%"
"01/26/2021","51.65","50.35","51.90","50.05","491.05K","1.97%"
"01/25/2021","50.65","51.70","52.35","50.25","1.22M","-1.55%"
"01/22/2021","51.45","51.40","52.25","51.10","402.49K","0.29%"
"01/21/2021","51.30","52.80","53.00","51.30","1.11M","-3.30%"
"01/20/2021","53.05","53.20","54.35","52.70","571.81K","0.28%"
"01/19/2021","52.90","53.50","53.75","52.60","581.22K","-1.03%"
"01/18/2021","53.45","53.60","53.75","52.60","524.53K","0.19%"
"01/15/2021","53.35","53.90","54.85","53.20","1.29M","-3.61%"
"01/14/2021","55.35","54.90","55.50","54.60","433.61K","-1.07%"
"01/13/2021","55.95","56.50","56.70","55.45","493.11K","-0.80%"
"01/12/2021","56.40","54.60","56.40","54.60","686.65K","3.39%"
"01/11/2021","54.55","55.55","55.90","54.50","896.47K","-2.85%"
"01/08/2021","56.15","54.05","56.55","54.05","1.16M","4.17%"
"01/07/2021","53.90","54.50","54.50","53.35","903.15K","-0.83%"
"01/06/2021","54.35","56.05","56.05","53.80","1.27M","-2.42%"
"01/05/2021","55.70","55.25","57.15","55.15","1.06M","0.72%"
"01/04/2021","55.30","54.15","55.80","54.00","1.07M","1.84%"
"12/30/2020","54.30","54.05","54.70","53.75","704.64K","0.46%"
"12/29/2020","54.05","54.80","55.25","53.70","1.09M","-1.73%"
"12/28/2020","55.00","55.10","55.50","54.60","483.27K","-0.18%"
"12/23/2020","55.10","54.15","55.30","54.05","643.39K","1.19%"
"12/22/2020","54.45","54.55","55.85","54.15","670.74K","0.83%"
"12/21/2020","54.00","55.05","56.00","53.90","1.02M","-5.26%"
"12/18/2020","57.00","57.50","57.85","56.80","784.04K","-0.52%"
"12/17/2020","57.30","60.00","60.25","57.10","1.11M","-4.02%"
"12/16/2020","59.70","58.55","59.70","58.25","959.13K","2.23%"
"12/15/2020","58.40","58.30","59.25","58.20","590.01K","-2.26%"
"12/14/2020","59.75","61.00","61.30","59.00","917.51K","-0.99%"
"12/11/2020","60.35","59.35","61.80","59.35","1.24M","1.77%"
"12/10/2020","59.30","57.95","59.30","57.40","900.43K","2.51%"
"12/09/2020","57.85","58.50","58.50","57.20","648.88K","-0.26%"
"12/08/2020","58.00","57.65","59.35","57.30","745.31K","1.13%"
"12/07/2020","57.35","58.95","59.75","57.00","1.03M","-3.29%"
"12/04/2020","59.30","55.00","59.30","55.00","2.10M","9.11%"
"12/03/2020","54.35","54.25","55.30","53.40","901.83K","0.09%"
"12/02/2020","54.30","54.15","55.10","53.60","511.82K","-2.43%"
"12/01/2020","55.65","56.25","56.75","55.60","444.78K","-1.07%"
"11/30/2020","56.25","58.85","58.85","56.20","695.52K","-4.90%"
"11/27/2020","59.15","59.00","59.80","57.85","677.50K","0.25%"
"11/26/2020","59.00","58.80","59.45","56.90","1.28M","-1.67%"
"11/25/2020","60.00","62.80","62.80","58.55","2.12M","-8.68%"
"11/24/2020","65.70","65.00","67.35","64.85","1.04M","2.66%"
"11/23/2020","64.00","61.95","64.00","61.95","586.95K","4.15%"
"11/20/2020","61.45","61.15","62.05","60.75","459.36K","1.15%"
"11/19/2020","60.75","61.40","61.40","59.75","350.96K","-1.30%"
"11/18/2020","61.55","60.20","61.70","59.55","423.32K","2.67%"
"11/17/2020","59.95","60.75","60.95","59.55","443.04K","-0.50%"
"11/16/2020","60.25","58.25","60.45","57.95","518.59K","4.24%"
"11/13/2020","57.80","56.55","58.10","55.90","308.36K","-1.20%"
"11/12/2020","58.50","59.65","59.65","57.90","491.23K","-2.34%"
"11/11/2020","59.90","59.65","59.90","58.00","684.92K","3.90%"
"11/10/2020","57.65","56.20","58.25","55.55","406.65K","2.67%"
"11/09/2020","56.15","53.40","56.45","52.10","810.91K","6.55%"
"11/06/2020","52.70","52.00","53.45","51.55","415.78K","1.15%"
"11/05/2020","52.10","52.85","53.10","51.50","400.02K","-0.76%"
"11/04/2020","52.50","53.95","53.95","51.30","346.37K","-0.57%"
"11/03/2020","52.80","54.50","54.50","52.70","358.30K","-2.22%"
"11/02/2020","54.00","52.25","54.70","52.15","630.95K","2.96%"
"10/30/2020","52.45","53.50","54.30","52.00","397.95K","-1.04%"
"10/29/2020","53.00","52.00","53.45","51.10","773.14K","2.12%"
"10/28/2020","51.90","54.55","55.25","51.90","722.36K","-7.24%"
"10/27/2020","55.95","55.70","56.60","55.10","312.57K","0.90%"
"10/26/2020","55.45","57.40","57.40","55.40","414.19K","-4.40%"
"10/23/2020","58.00","58.60","59.35","57.50","374.79K","-1.53%"
"10/22/2020","58.90","57.75","59.35","56.90","345.72K","1.99%"
"10/21/2020","57.75","60.90","61.20","57.70","692.11K","-5.02%"
"10/20/2020","60.80","61.70","62.15","60.80","397.85K","-3.42%"
"10/19/2020","62.95","62.00","63.90","61.70","332.61K","0.72%"
"10/16/2020","62.50","62.50","63.50","62.40","338.05K","-0.24%"
"10/15/2020","62.65","62.90","63.25","61.75","240.38K","0.00%"
"10/14/2020","62.65","61.90","62.95","60.85","409.89K","1.38%"
"10/13/2020","61.80","61.60","62.80","61.35","382.13K","0.32%"
"10/12/2020","61.60","63.00","63.00","60.70","421.06K","-1.20%"
"10/09/2020","62.35","63.30","64.15","62.35","456.23K","-0.24%"
"10/08/2020","62.50","61.65","62.60","60.90","453.08K","3.31%"
"10/07/2020","60.50","61.70","62.40","60.30","490.26K","-3.20%"
"10/06/2020","62.50","62.00","63.55","61.95","336.18K","0.81%"
"10/05/2020","62.00","60.60","62.25","60.60","481.93K","2.65%"
"10/02/2020","60.40","60.10","61.80","59.80","391.40K","-0.49%"
"10/01/2020","60.70","61.00","61.75","60.60","287.26K","-1.86%"
"09/30/2020","61.85","60.00","62.20","59.50","461.16K","1.31%"
"09/29/2020","61.05","61.00","61.25","59.85","326.20K","0.33%"
"09/28/2020","60.85","61.60","62.70","60.55","475.54K","-2.87%"
"09/25/2020","62.65","61.00","63.15","60.45","578.76K","5.65%"
"09/24/2020","59.30","60.00","60.50","58.75","1.83M","-1.66%"
"09/23/2020","60.30","62.25","62.60","60.30","449.13K","-2.90%"
"09/22/2020","62.10","61.95","62.80","61.75","488.74K","-0.64%"
"09/21/2020","62.50","65.85","65.85","62.50","682.18K","-5.30%"
"09/18/2020","66.00","66.20","66.95","65.60","476.59K","-2.00%"
"09/17/2020","67.35","66.10","67.45","66.00","321.81K","0.15%"
"09/16/2020","67.25","67.80","67.80","66.05","563.33K","-1.32%"
"09/15/2020","68.15","70.00","70.00","67.15","848.42K","-0.66%"
"09/14/2020","68.60","68.15","69.35","67.10","760.39K","-0.72%"
"09/11/2020","69.10","66.20","69.10","65.30","1.25M","5.90%"
"09/10/2020","65.25","66.90","66.90","64.55","1.02M","-7.97%"
"09/09/2020","70.90","69.90","71.65","69.65","1.01M","5.90%"
"09/08/2020","66.95","68.00","68.30","66.15","893.88K","-1.11%"
"09/07/2020","67.70","67.50","67.75","66.65","389.95K","3.60%"
"09/04/2020","65.35","65.00","66.90","64.50","409.28K","0.54%"
"09/03/2020","65.00","66.15","66.65","64.95","544.09K","-0.84%"
"09/02/2020","65.55","68.05","68.60","65.55","596.64K","-4.72%"
"09/01/2020","68.80","69.50","70.45","68.30","427.31K","-0.58%"
"08/31/2020","69.20","71.80","71.80","69.15","393.21K","0.95%"
"08/28/2020","68.55","71.00","71.00","68.00","1.07M","-2.28%"
"08/27/2020","70.15","76.00","76.00","70.00","954.56K","-5.20%"
"08/26/2020","74.00","75.60","75.85","73.65","453.14K","-2.05%"
"08/25/2020","75.55","74.95","76.25","74.35","370.27K","2.58%"
"08/24/2020","73.65","74.05","75.30","73.10","443.83K","-1.80%"
"08/21/2020","75.00","74.10","75.00","73.80","261.53K","1.21%"
"08/20/2020","74.10","73.90","74.50","72.75","329.79K","0.14%"
"08/19/2020","74.00","75.60","75.60","74.00","339.21K","-1.73%"
"08/18/2020","75.30","76.70","76.95","74.95","273.68K","-1.50%"
"08/17/2020","76.45","76.25","77.50","75.50","378.03K","2.89%"
"08/14/2020","74.30","75.10","75.20","73.00","344.72K","-1.65%"
"08/13/2020","75.55","76.35","77.20","75.15","391.18K","-0.66%"
"08/12/2020","76.05","76.00","76.40","75.05","410.05K","0.60%"
"08/11/2020","75.60","74.20","75.80","73.80","611.83K","1.96%"
"08/10/2020","74.15","74.65","74.75","73.30","383.25K","2.13%"
"08/07/2020","72.60","74.45","74.45","72.55","336.75K","-3.01%"
"08/06/2020","74.85","74.85","75.50","73.00","346.11K","0.07%"
"08/05/2020","74.80","74.00","75.45","73.60","476.06K","2.47%"
"08/04/2020","73.00","72.80","74.20","72.45","609.64K","0.00%"
"08/03/2020","73.00","72.50","73.55","72.00","362.76K","0.83%"
"07/31/2020","72.40","72.90","73.70","72.00","266.29K","-0.62%"
"07/30/2020","72.85","74.60","75.45","71.50","532.97K","-1.55%"
"07/29/2020","74.00","71.50","74.20","70.95","538.38K","3.93%"
"07/28/2020","71.20","70.60","71.95","70.15","341.81K","0.85%"
"07/27/2020","70.60","70.00","70.90","69.10","252.32K","0.86%"
"07/24/2020","70.00","70.00","71.85","69.45","480.21K","0.43%"
"07/23/2020","69.70","68.55","69.75","68.40","297.05K","2.58%"
"07/22/2020","67.95","68.95","69.50","67.50","401.52K","-1.74%"
"07/21/2020","69.15","71.15","71.15","69.15","404.69K","-2.81%"
"07/20/2020","71.15","71.40","71.80","70.65","215.59K","-0.28%"
"07/17/2020","71.35","71.25","72.70","70.45","352.76K","0.21%"
"07/16/2020","71.20","71.80","72.50","71.00","388.57K","-0.49%"
"07/15/2020","71.55","71.10","71.95","70.30","377.55K","2.51%"
"07/14/2020","69.80","69.60","71.10","69.00","444.93K","-0.36%"
"07/13/2020","70.05","71.30","72.35","69.25","454.38K","-1.27%"
"07/10/2020","70.95","68.95","71.50","68.10","526.94K","3.73%"
"07/09/2020","68.40","70.50","70.60","68.40","400.73K","-2.77%"
"07/08/2020","70.35","68.00","71.00","67.10","505.44K","1.22%"
"07/07/2020","69.50","69.20","71.50","68.40","816.29K","1.61%"
"07/06/2020","68.40","65.95","69.15","65.85","849.66K","4.27%"
"07/03/2020","65.60","67.00","67.40","65.00","628.29K","-2.09%"
"07/02/2020","67.00","70.70","70.75","66.85","1.07M","-2.69%"
"07/01/2020","68.85","67.05","68.85","66.65","725.33K","2.91%"
"06/30/2020","66.90","69.50","69.50","66.25","773.38K","-4.15%"
"06/29/2020","69.80","68.95","70.05","67.50","517.29K","1.16%"
"06/26/2020","69.00","71.60","71.75","69.00","847.17K","-5.22%"
"06/25/2020","72.80","70.90","72.80","69.65","834.14K","3.85%"
"06/24/2020","70.10","71.70","71.80","69.40","601.49K","-2.37%"
"06/23/2020","71.80","71.95","73.30","70.50","1.54M","1.48%"
"06/22/2020","70.75","73.10","73.25","70.65","1.71M","-4.65%"
"06/19/2020","74.20","74.65","75.15","73.60","1.29M","-0.60%"
"06/18/2020","74.65","73.90","74.90","72.60","696.94K","1.01%"
"06/17/2020","73.90","76.00","77.55","73.90","836.59K","-4.77%"
"06/16/2020","77.60","78.00","79.75","76.60","838.12K","3.19%"
"06/15/2020","75.20","75.80","76.15","73.80","580.28K","-1.83%"
"06/12/2020","76.60","73.75","77.40","73.05","1.04M","2.75%"
"06/11/2020","74.55","76.60","76.85","73.50","1.69M","-3.68%"
"06/10/2020","77.40","82.00","82.00","77.40","1.23M","-4.91%"
"06/09/2020","81.40","83.00","84.00","79.20","2.06M","1.43%"
"06/08/2020","80.25","76.75","80.25","74.80","1.38M","5.11%"
"06/05/2020","76.35","74.10","77.00","73.65","1.17M","5.09%"
"06/04/2020","72.65","74.45","75.15","72.10","1.76M","-7.16%"
"06/03/2020","78.25","79.20","80.75","76.75","2.26M","-5.72%"
"06/02/2020","83.00","89.00","89.50","81.65","2.31M","-4.82%"
"05/29/2020","87.20","89.00","89.00","85.00","1.91M","-3.06%"
"05/28/2020","89.95","90.00","91.40","88.65","2.35M","4.23%"
"05/27/2020","86.30","84.55","88.10","82.60","1.86M","3.98%"
"05/26/2020","83.00","80.00","83.75","79.10","1.08M","3.88%"
"05/25/2020","79.90","80.60","80.60","78.70","659.47K","1.91%"
"05/22/2020","78.40","79.90","80.25","74.90","2.35M","1.95%"
"05/20/2020","76.90","82.00","82.80","76.60","2.77M","-3.94%"
"05/19/2020","80.05","77.10","81.35","76.30","2.37M","4.37%"
"05/18/2020","76.70","78.10","80.10","75.00","2.65M","-0.65%"
"05/15/2020","77.20","74.40","77.30","72.25","1.38M","4.54%"
"05/14/2020","73.85","78.00","78.75","73.50","1.26M","-3.46%"
"05/13/2020","76.50","75.50","78.00","74.65","1.06M","-0.39%"
"05/12/2020","76.80","78.20","80.25","75.80","950.37K","-1.79%"
"05/11/2020","78.20","83.50","83.65","78.10","1.27M","-4.87%"
"05/08/2020","82.20","81.15","84.00","80.40","1.72M","2.94%"
"05/07/2020","79.85","77.50","82.35","77.10","2.43M","-0.37%"
"05/06/2020","80.15","84.00","86.40","79.50","2.13M","-6.09%"
"05/05/2020","85.35","92.80","94.95","83.70","1.97M","-7.78%"
"05/04/2020","92.55","94.50","95.05","91.65","1.63M","-4.39%"
"04/30/2020","96.80","95.60","97.75","91.60","3.12M","-3.68%"
"04/29/2020","100.50","109.30","111.40","98.55","2.28M","-6.94%"
"04/28/2020","108.00","115.00","117.50","106.20","3.72M","-10.74%"
"04/27/2020","121.00","112.40","121.00","112.40","3.26M","9.40%"
"04/24/2020","110.60","112.00","114.00","108.20","2.30M","-4.66%"
"04/23/2020","116.00","116.50","119.50","115.10","2.43M","1.22%"
"04/22/2020","114.60","118.00","118.40","113.70","2.90M","-2.55%"
"04/21/2020","117.60","111.00","123.00","109.30","5.64M","13.08%"
"04/20/2020","104.00","100.20","105.80","98.30","1.52M","5.05%"
"04/17/2020","99.00","98.00","100.40","96.20","1.76M","4.98%"
"04/16/2020","94.30","91.45","95.25","91.45","1.54M","3.46%"
"04/15/2020","91.15","89.20","93.80","86.70","1.80M","1.90%"
"04/14/2020","89.45","84.00","89.50","79.00","3.29M","9.09%"
"04/08/2020","82.00","83.00","84.10","80.50","993.59K","1.61%"
"04/07/2020","80.70","86.00","86.65","78.25","2.21M","-6.16%"
"04/06/2020","86.00","87.00","89.75","84.00","2.20M","4.88%"
"04/03/2020","82.00","86.90","89.10","76.60","4.67M","-14.49%"
"04/02/2020","95.90","101.40","102.20","93.15","3.44M","-9.61%"
"04/01/2020","106.10","100.20","107.90","97.80","1.98M","2.81%"
"03/31/2020","103.20","110.30","112.80","97.65","3.46M","-4.44%"
"03/30/2020","108.00","96.00","108.00","95.05","4.31M","20.00%"
"03/27/2020","90.00","89.00","91.60","87.25","3.04M","3.93%"
"03/26/2020","86.60","84.20","86.90","82.00","2.50M","-0.92%"
"03/25/2020","87.40","82.50","88.00","79.20","3.36M","11.91%"
"03/24/2020","78.10","78.50","81.00","74.75","2.53M","9.77%"
"03/23/2020","71.15","73.50","76.05","70.75","2.19M","-7.78%"
"03/20/2020","77.15","78.00","79.40","73.30","3.09M","4.47%"
"03/19/2020","73.85","75.00","75.55","69.55","3.11M","4.46%"
"03/18/2020","70.70","75.10","77.00","67.00","2.89M","-10.51%"
"03/17/2020","79.00","85.00","87.50","79.00","2.53M","-9.61%"
"03/16/2020","87.40","93.00","94.40","78.50","5.47M","-2.78%"
"03/13/2020","89.90","89.40","94.25","84.90","4.77M","4.23%"
"03/12/2020","86.25","87.00","91.55","75.80","4.06M","-2.98%"
"03/11/2020","88.90","92.40","94.95","86.80","5.27M","8.35%"
"03/10/2020","82.05","75.00","85.90","75.00","3.80M","13.64%"
"03/09/2020","72.20","55.00","75.15","55.00","5.07M","14.60%"
"03/06/2020","63.00","60.50","63.50","58.50","2.72M","-3.08%"
"03/05/2020","65.00","72.05","72.20","64.55","2.28M","-8.52%"
"03/04/2020","71.05","74.30","74.60","70.10","3.57M","-6.76%"
"03/03/2020","76.20","75.00","77.75","74.40","1.92M","5.54%"
"03/02/2020","72.20","79.00","79.80","71.25","2.69M","0.00%"
"02/28/2020","72.20","65.90","74.50","65.05","2.92M","9.39%"
"02/27/2020","66.00","72.00","72.00","64.35","2.76M","-5.92%"
"02/26/2020","70.15","67.80","70.80","65.85","2.02M","1.74%"
"02/25/2020","68.95","69.00","70.70","67.75","1.38M","0.80%"
"02/24/2020","68.40","73.40","73.85","68.30","1.86M","-9.16%"
"02/21/2020","75.30","76.00","76.20","74.45","741.73K","-1.70%"
"02/20/2020","76.60","78.20","78.60","76.55","944.70K","-1.23%"
"02/19/2020","77.55","76.05","78.00","76.05","598.95K","2.44%"
"02/18/2020","75.70","76.00","76.55","74.85","780.72K","-1.69%"
"02/17/2020","77.00","77.00","78.15","75.90","887.77K","1.58%"
"02/14/2020","75.80","76.75","78.65","75.65","1.02M","-1.30%"
"02/13/2020","76.80","77.70","77.70","74.70","1.61M","-2.23%"
"02/12/2020","78.55","77.50","79.50","75.80","1.64M","1.68%"
"02/11/2020","77.25","74.55","78.70","74.00","2.26M","4.89%"
"02/10/2020","73.65","71.60","74.05","70.55","1.79M","2.43%"
"02/07/2020","71.90","74.95","74.95","69.30","3.11M","-6.26%"
"02/06/2020","76.70","81.95","81.95","76.45","1.78M","-4.96%"
"02/05/2020","80.70","80.00","82.70","78.20","1.70M","0.44%"
"02/04/2020","80.35","80.30","82.95","79.75","1.97M","0.31%"
"02/03/2020","80.10","81.00","82.60","78.60","3.03M","-4.76%"
"01/31/2020","84.10","87.95","90.00","83.60","2.23M","-4.38%"
"01/30/2020","87.95","92.00","92.00","87.95","2.02M","-5.43%"
"01/29/2020","93.00","94.45","95.40","92.75","1.39M","-1.06%"
"01/28/2020","94.00","95.00","95.15","91.35","2.01M","-0.53%"
"01/27/2020","94.50","93.95","95.00","90.80","2.84M","-3.47%"
"01/24/2020","97.90","101.50","103.00","97.60","1.86M","-2.39%"
"01/23/2020","100.30","105.40","106.00","98.50","2.46M","-6.17%"
"01/22/2020","106.90","108.00","108.70","105.50","890.60K","-1.02%"
"01/21/2020","108.00","107.70","108.80","106.10","958.99K","0.28%"
"01/20/2020","107.70","110.70","110.90","107.30","714.12K","-2.45%"
"01/17/2020","110.40","106.20","110.90","105.50","1.78M","6.15%"
"01/16/2020","104.00","106.70","107.10","103.80","1.37M","-2.35%"
"01/15/2020","106.50","110.20","110.20","105.10","2.15M","-4.91%"
"01/14/2020","112.00","113.40","114.80","110.60","1.53M","-0.09%"
"01/13/2020","112.10","113.00","114.10","111.10","2.08M","-1.92%"
"01/10/2020","114.30","116.30","117.40","113.50","1.72M","-0.61%"
"01/09/2020","115.00","114.80","115.50","113.70","1.27M","-0.95%"
"01/08/2020","116.10","114.40","117.00","113.60","1.43M","2.56%"
"01/07/2020","113.20","114.80","115.60","112.60","909.62K","-0.70%"
"01/06/2020","114.00","116.90","117.40","112.70","1.42M","-1.98%"
"01/03/2020","116.30","114.70","116.90","113.90","1.71M","2.56%"
"01/02/2020","113.40","113.80","114.70","112.50","1.62M","2.25%"
"12/30/2019","110.90","110.00","112.00","108.30","1.25M","1.19%"
"12/27/2019","109.60","112.50","114.20","109.60","865.85K","-1.44%"
"12/23/2019","111.20","108.80","111.60","108.20","913.43K","1.92%"
"12/20/2019","109.10","108.50","111.40","107.70","3.16M","0.93%"
"12/19/2019","108.10","104.70","108.10","103.20","1.78M","4.14%"
"12/18/2019","103.80","103.20","103.90","101.60","903.12K","0.78%"
"12/17/2019","103.00","103.40","104.70","101.70","928.74K","0.00%"
"12/16/2019","103.00","101.30","103.30","100.90","837.35K","2.39%"
"12/13/2019","100.60","103.00","103.00","100.10","745.67K","-1.66%"
"12/12/2019","102.30","103.90","105.00","101.20","653.26K","-0.49%"
"12/11/2019","102.80","105.40","106.10","102.50","683.26K","-1.81%"
"12/10/2019","104.70","104.80","105.90","103.00","777.80K","-0.10%"
"12/09/2019","104.80","102.30","105.40","101.30","916.49K","3.56%"
"12/06/2019","101.20","97.85","101.70","97.60","975.46K","4.33%"
"12/05/2019","97.00","100.60","100.60","96.60","945.64K","-2.51%"
"12/04/2019","99.50","97.00","99.50","97.00","823.60K","3.06%"
"12/03/2019","96.55","100.00","100.60","95.25","1.29M","-3.93%"
"12/02/2019","100.50","103.50","104.00","100.50","1.74M","-0.89%"
"11/29/2019","101.40","104.70","104.70","100.20","1.70M","-2.31%"
"11/28/2019","103.80","102.70","106.60","102.10","1.50M","1.67%"
"11/27/2019","102.10","100.10","105.00","100.00","1.50M","-1.26%"
"11/26/2019","103.40","104.00","106.20","102.50","1.16M","0.49%"
"11/25/2019","102.90","102.80","103.80","101.00","716.90K","-0.39%"
"11/22/2019","103.30","101.40","103.80","100.50","1.55M","2.99%"
"11/21/2019","100.30","100.40","101.70","99.10","1.03M","0.20%"
"11/20/2019","100.10","95.40","101.40","94.90","1.79M","4.93%"
"11/19/2019","95.40","96.50","97.80","94.00","1.27M","-0.57%"
"11/18/2019","95.95","96.00","97.35","94.80","1.01M","1.21%"
"11/15/2019","94.80","93.00","95.00","91.70","814.71K","1.39%"
"11/14/2019","93.50","92.70","94.25","91.10","1.01M","0.54%"
"11/13/2019","93.00","90.95","93.10","88.60","1.03M","2.76%"
"11/12/2019","90.50","87.00","90.85","87.00","1.05M","4.50%"
"11/11/2019","86.60","88.40","89.15","85.60","792.16K","-1.42%"
"11/08/2019","87.85","86.05","89.75","86.05","632.25K","1.50%"
"11/07/2019","86.55","88.65","89.75","86.25","1.09M","-3.35%"
"11/06/2019","89.55","91.80","91.90","89.00","1.20M","-5.64%"
"11/05/2019","94.90","95.20","95.50","92.80","552.93K","-1.50%"
"11/04/2019","96.35","95.20","96.95","94.75","465.16K","1.26%"
"11/01/2019","95.15","96.50","96.85","95.15","519.78K","-1.40%"
"10/31/2019","96.50","99.00","99.00","95.60","537.29K","-1.33%"
"10/30/2019","97.80","97.50","99.25","97.15","1.32M","1.24%"
"10/29/2019","96.60","95.60","97.00","95.05","1.15M","0.00%"
"10/28/2019","96.60","95.00","97.45","94.15","1.07M","1.47%"
"10/25/2019","95.20","97.00","97.40","94.65","1.03M","-4.32%"
"10/24/2019","99.50","98.70","100.90","98.50","1.02M","1.74%"
"10/23/2019","97.80","96.70","98.55","95.80","671.84K","0.57%"
"10/22/2019","97.25","97.00","98.35","95.85","422.00K","0.26%"
"10/21/2019","97.00","99.20","99.20","96.00","399.27K","-2.07%"
"10/18/2019","99.05","99.00","101.00","98.55","705.28K","1.54%"
"10/17/2019","97.55","97.85","99.50","95.90","901.80K","-1.17%"
"10/16/2019","98.70","99.50","100.20","96.10","1.28M","-1.99%"
"10/15/2019","100.70","107.10","108.00","98.60","1.94M","-5.09%"
"10/14/2019","106.10","106.50","107.30","102.00","1.58M","-1.03%"
"10/11/2019","107.20","103.10","110.20","103.00","3.38M","8.34%"
"10/10/2019","98.95","106.70","106.70","96.00","2.70M","-5.49%"
"10/09/2019","104.70","102.00","109.10","100.70","2.15M","4.39%"
"10/08/2019","100.30","102.00","105.40","98.80","1.36M","1.93%"
"10/07/2019","98.40","94.00","100.80","94.00","1.73M","7.13%"
"10/04/2019","91.85","86.20","91.90","85.70","1.12M","8.25%"
"10/03/2019","84.85","85.70","87.55","83.80","860.84K","-1.68%"
"10/02/2019","86.30","86.00","87.30","84.60","783.92K","-0.80%"
"10/01/2019","87.00","84.10","87.65","83.25","836.04K","5.14%"
"09/30/2019","82.75","83.60","84.50","82.00","458.94K","-2.30%"
"09/27/2019","84.70","86.00","87.00","82.05","992.84K","0.24%"
"09/26/2019","84.50","81.20","87.75","81.00","1.68M","7.51%"
"09/25/2019","78.60","79.20","79.40","77.30","483.25K","-2.60%"
"09/24/2019","80.70","82.45","83.30","80.45","430.81K","-1.47%"
"09/23/2019","81.90","83.60","84.35","81.85","613.29K","-0.49%"
"09/20/2019","82.30","80.65","82.55","79.70","781.52K","1.48%"
"09/19/2019","81.10","81.65","82.80","78.25","635.21K","0.56%"
"09/18/2019","80.65","79.45","81.65","78.45","526.06K","3.40%"
"09/17/2019","78.00","82.15","83.40","77.40","1.27M","-6.70%"
"09/16/2019","83.60","84.50","88.30","83.55","905.81K","0.06%"
"09/13/2019","83.55","78.25","83.65","78.25","838.88K","7.18%"
"09/12/2019","77.95","79.80","80.10","76.75","383.29K","-2.32%"
"09/11/2019","79.80","80.85","80.90","79.25","593.37K","0.13%"
"09/10/2019","79.70","80.55","81.25","79.30","331.33K","-0.38%"
"09/09/2019","80.00","78.05","80.75","76.70","799.00K","3.23%"
"09/06/2019","77.50","76.00","78.40","74.15","870.29K","5.01%"
"09/05/2019","73.80","74.75","75.30","73.40","408.04K","-0.27%"
"09/04/2019","74.00","74.65","75.60","74.00","161.21K","0.00%"
"09/03/2019","74.00","76.20","76.80","73.70","389.93K","-3.14%"
"09/02/2019","76.40","78.15","78.20","75.25","241.16K","-2.24%"
"08/30/2019","78.15","78.10","79.80","77.20","438.98K","0.32%"
"08/29/2019","77.90","76.25","78.95","76.10","488.89K","2.50%"
"08/28/2019","76.00","76.00","79.15","74.80","962.54K","2.22%"
"08/27/2019","74.35","75.00","76.10","73.35","372.91K","1.16%"
"08/26/2019","73.50","71.60","74.60","70.50","456.79K","0.48%"
"08/23/2019","73.15","74.00","77.00","69.35","989.33K","2.88%"
"08/22/2019","71.10","71.70","72.80","70.95","277.42K","-1.04%"
"08/21/2019","71.85","71.80","72.40","70.55","239.54K","0.07%"
"08/20/2019","71.80","70.00","73.50","70.00","1.10M","3.24%"
"08/19/2019","69.55","64.00","69.55","63.90","600.84K","11.55%"
"08/16/2019","62.35","58.35","62.50","58.35","391.12K","7.50%"
"08/15/2019","58.00","59.20","59.30","56.00","477.17K","-2.03%"
"08/14/2019","59.20","64.00","64.00","58.85","498.86K","-7.50%"
"08/13/2019","64.00","61.50","64.00","61.20","235.77K","2.56%"
"08/12/2019","62.40","64.00","64.00","61.80","210.82K","-1.03%"
"08/09/2019","63.05","65.25","66.05","62.65","279.74K","-2.63%"
"08/08/2019","64.75","64.40","66.15","62.65","489.35K","4.02%"
"08/07/2019","62.25","63.45","65.80","62.10","498.18K","-0.40%"
"08/06/2019","62.50","60.00","64.75","59.55","660.61K","3.65%"
"08/05/2019","60.30","64.00","64.00","60.25","634.27K","-7.23%"
"08/02/2019","65.00","66.00","66.45","64.95","343.41K","-3.99%"
"08/01/2019","67.70","65.20","67.75","64.50","409.21K","4.15%"
"07/31/2019","65.00","65.40","66.05","65.00","174.23K","0.00%"
"07/30/2019","65.00","67.35","67.95","65.00","430.48K","-4.34%"
"07/29/2019","67.95","69.00","70.00","67.90","161.88K","-3.96%"
"07/26/2019","70.75","71.00","71.00","69.50","101.89K","0.07%"
"07/25/2019","70.70","69.00","72.20","69.00","337.23K","2.99%"
"07/24/2019","68.65","69.00","69.00","67.55","133.90K","-0.51%"
"07/23/2019","69.00","69.25","69.60","68.10","146.15K","0.22%"
"07/22/2019","68.85","67.10","70.30","67.00","263.58K","3.22%"
"07/19/2019","66.70","65.85","67.70","65.45","240.31K","0.53%"
"07/18/2019","66.35","69.00","69.00","65.55","373.48K","-4.53%"
"07/17/2019","69.50","69.80","71.00","69.25","200.24K","0.14%"
"07/16/2019","69.40","68.85","69.40","68.20","119.39K","0.87%"
"07/15/2019","68.80","69.30","70.00","68.35","132.75K","-0.72%"
"07/12/2019","69.30","69.30","69.80","68.70","161.88K","-0.50%"
"07/11/2019","69.65","71.20","71.20","69.65","153.85K","-1.28%"
"07/10/2019","70.55","70.50","71.25","68.85","238.85K","-0.28%"
"07/09/2019","70.75","73.00","73.25","70.20","318.18K","-0.70%"
"07/08/2019","71.25","68.70","71.45","68.35","371.31K","4.63%"
"07/05/2019","68.10","68.05","68.35","67.50","207.30K","0.15%"
"07/04/2019","68.00","67.70","68.50","67.60","123.14K","-0.15%"
"07/03/2019","68.10","69.30","69.60","68.00","228.54K","-1.30%"
"07/02/2019","69.00","69.15","70.50","68.90","283.22K","-2.27%"
"07/01/2019","70.60","70.80","71.65","69.75","294.08K","2.02%"
"06/28/2019","69.20","69.60","70.00","68.20","862.85K","-0.86%"
"06/27/2019","69.80","67.30","69.80","67.00","378.33K","3.56%"
"06/26/2019","67.40","68.50","68.65","67.00","314.32K","-0.74%"
"06/25/2019","67.90","68.40","70.15","67.55","414.05K","-4.77%"
"06/24/2019","71.30","73.75","73.95","70.65","664.63K","-1.86%"
"06/21/2019","72.65","69.40","72.65","68.70","1.01M","3.71%"
"06/20/2019","70.05","69.35","71.10","68.55","866.69K","4.01%"
"06/19/2019","67.35","68.00","68.45","66.05","343.90K","-1.82%"
"06/18/2019","68.60","65.75","68.60","65.75","323.84K","3.00%"
"06/17/2019","66.60","66.55","67.00","64.95","285.68K","-0.82%"
"06/14/2019","67.15","70.00","70.30","66.00","631.81K","-3.73%"
"06/13/2019","69.75","62.00","70.30","61.90","1.49M","10.02%"
"06/12/2019","63.40","67.10","67.10","63.15","382.73K","-5.93%"
"06/11/2019","67.40","67.00","68.20","66.05","366.50K","-1.46%"
"06/07/2019","68.40","67.65","68.85","67.65","331.28K","-0.15%"
"06/06/2019","68.50","68.95","70.55","67.90","3.57M","-0.72%"
"06/05/2019","69.00","69.45","70.10","68.30","540.30K","0.00%"
"06/04/2019","69.00","68.00","69.45","67.35","439.51K","0.51%"
"06/03/2019","68.65","67.60","68.75","66.95","355.78K","-1.15%"
"05/31/2019","69.45","69.25","69.45","65.55","1.14M","-1.35%"
"05/29/2019","70.40","73.50","73.50","70.00","648.60K","-4.86%"
"05/28/2019","74.00","73.55","75.10","73.55","486.56K","-0.07%"
"05/27/2019","74.05","75.95","75.95","72.35","502.07K","-2.05%"
"05/24/2019","75.60","74.70","76.55","74.70","480.63K","0.80%"
"05/23/2019","75.00","77.00","77.45","74.45","766.16K","-5.54%"
"05/22/2019","79.40","80.30","80.55","78.40","628.19K","-2.28%"
"05/21/2019","81.25","81.80","82.90","80.65","744.53K","1.18%"
"05/20/2019","80.30","80.50","81.85","78.35","1.17M","2.16%"
"05/16/2019","78.60","76.20","79.00","75.25","1.10M","2.61%"
"05/15/2019","76.60","73.80","77.25","73.25","1.25M","5.29%"
"05/14/2019","72.75","66.80","72.75","66.40","801.58K","8.58%"
"05/13/2019","67.00","69.45","69.65","66.70","490.76K","-4.29%"
"05/10/2019","70.00","70.00","70.50","69.55","303.88K","1.08%"
"05/09/2019","69.25","69.45","70.60","69.00","727.80K","-1.28%"
"05/08/2019","70.15","68.40","70.50","68.40","271.50K","2.26%"
"05/07/2019","68.60","69.90","70.45","68.30","284.47K","-2.00%"
"05/06/2019","70.00","69.45","70.25","68.30","401.12K","-0.21%"
"05/03/2019","70.15","69.45","71.05","69.30","425.40K","-0.36%"
"05/02/2019","70.40","71.00","71.00","68.50","466.05K","-1.40%"
"04/30/2019","71.40","70.20","71.70","69.35","659.63K","2.59%"
"04/29/2019","69.60","69.05","69.85","68.15","284.76K","2.28%"
"04/26/2019","68.05","70.50","70.50","67.10","358.09K","-1.66%"
"04/25/2019","69.20","69.95","71.00","68.90","502.29K","-0.72%"
"04/24/2019","69.70","70.50","70.95","69.50","672.86K","0.36%"
"04/23/2019","69.45","68.50","70.25","68.45","657.27K","2.28%"
"04/17/2019","67.90","65.95","67.90","65.95","207.01K","2.72%"
"04/16/2019","66.10","66.00","66.80","65.50","225.83K","-0.08%"
"04/15/2019","66.15","66.95","67.20","65.80","313.91K","-1.34%"
"04/12/2019","67.05","67.35","67.50","65.90","513.02K","1.28%"
"04/11/2019","66.20","67.75","67.95","65.00","572.20K","-0.30%"
"04/10/2019","66.40","64.70","66.45","64.60","458.53K","1.37%"
"04/09/2019","65.50","66.05","67.50","64.40","828.85K","-0.46%"
"04/08/2019","65.80","61.00","66.20","61.00","2.52M","9.48%"
"04/05/2019","60.10","59.00","60.50","58.75","708.97K","2.30%"
"04/04/2019","58.75","58.70","59.15","57.75","374.71K","-0.09%"
"04/03/2019","58.80","57.85","59.45","57.70","404.36K","1.82%"
"04/02/2019","57.75","57.95","58.30","56.70","574.86K","0.00%"
"04/01/2019","57.75","55.80","58.45","55.80","578.98K","4.81%"
"03/29/2019","55.10","55.20","55.80","54.90","531.82K","0.27%"
"03/28/2019","54.95","55.95","56.50","54.85","379.79K","-1.70%"
"03/27/2019","55.90","56.20","56.70","55.25","401.24K","-0.45%"
"03/26/2019","56.15","56.55","56.95","55.60","308.06K","-0.35%"
"03/25/2019","56.35","57.85","58.20","56.10","415.35K","-3.51%"
"03/22/2019","58.40","59.40","60.15","58.20","710.32K","-1.10%"
"03/21/2019","59.05","57.50","59.20","57.50","453.56K","2.87%"
"03/20/2019","57.40","56.85","57.65","56.80","223.51K","0.09%"
"03/19/2019","57.35","57.85","58.15","57.15","348.12K","-0.35%"
"03/18/2019","57.55","56.50","57.80","55.30","578.46K","3.14%"
"03/15/2019","55.80","54.70","55.80","54.25","2.27M","1.73%"
"03/14/2019","54.85","55.75","56.00","54.50","522.61K","-1.61%"
"03/13/2019","55.75","55.90","56.15","55.10","407.37K","0.54%"
"03/12/2019","55.45","53.70","56.00","53.70","425.95K","3.55%"
"03/11/2019","53.55","54.90","55.30","53.55","344.92K","-2.37%"
"03/08/2019","54.85","54.25","55.20","53.90","406.36K","-0.63%"
"03/07/2019","55.20","57.50","57.50","54.70","598.81K","-4.83%"
"03/06/2019","58.00","57.55","58.70","57.55","343.00K","0.69%"
"03/05/2019","57.60","57.70","58.15","57.35","409.33K","-0.09%"
"03/04/2019","57.65","56.95","58.60","56.55","798.12K","2.76%"
"03/01/2019","56.10","55.80","57.10","54.80","758.72K","1.54%"
"02/28/2019","55.25","54.00","55.95","52.90","1.29M","4.34%"
"02/27/2019","52.95","51.60","53.70","51.60","812.33K","2.62%"
"02/26/2019","51.60","50.65","52.45","49.62","608.09K","0.19%"
"02/25/2019","51.50","52.40","52.80","50.85","581.20K","-0.48%"
"02/22/2019","51.75","49.34","52.40","49.10","611.93K","4.97%"
"02/21/2019","49.30","49.26","50.00","48.70","262.03K","-0.80%"
"02/20/2019","49.70","50.00","50.05","49.06","205.86K","-0.52%"
"02/19/2019","49.96","51.25","51.25","49.74","450.54K","-2.14%"
"02/18/2019","51.05","52.00","52.30","50.45","601.64K","0.49%"
"02/15/2019","50.80","49.36","50.85","49.08","829.72K","4.10%"
"02/14/2019","48.80","47.72","49.10","47.36","494.08K","3.30%"
"02/13/2019","47.24","48.80","48.80","46.34","383.58K","-0.84%"
"02/12/2019","47.64","45.02","49.08","45.02","1.40M","12.84%"
"02/11/2019","42.22","42.52","42.78","41.78","436.00K","-0.24%"
"02/08/2019","42.32","43.04","44.22","42.32","494.14K","-3.69%"
"02/07/2019","43.94","44.50","44.94","43.20","751.33K","-1.92%"
"02/06/2019","44.80","45.00","45.68","44.50","329.51K","-0.62%"
"02/05/2019","45.08","42.68","45.26","42.68","549.11K","5.62%"
"02/04/2019","42.68","42.86","43.00","41.82","282.63K","1.04%"
"02/01/2019","42.24","43.20","43.30","42.14","491.25K","-2.22%"
"01/31/2019","43.20","45.12","45.50","43.20","533.11K","-3.23%"
"01/30/2019","44.64","43.72","45.76","43.72","517.81K","1.45%"
"01/29/2019","44.00","44.20","44.96","43.70","410.28K","-1.03%"
"01/28/2019","44.46","46.60","46.60","44.02","536.85K","-4.59%"
"01/25/2019","46.60","48.74","49.02","46.38","545.67K","-5.25%"
"01/24/2019","49.18","48.26","49.96","48.26","345.75K","0.45%"
"01/23/2019","48.96","49.00","49.16","48.04","265.83K","0.08%"
"01/22/2019","48.92","49.96","51.60","48.50","552.00K","-2.26%"
"01/21/2019","50.05","48.86","50.30","48.80","333.53K","3.32%"
"01/18/2019","48.44","48.34","49.00","48.00","1.04M","0.37%"
"01/17/2019","48.26","47.50","48.50","47.02","316.68K","1.60%"
"01/16/2019","47.50","48.76","48.84","47.20","523.60K","-2.74%"
"01/15/2019","48.84","47.00","50.00","46.42","570.23K","4.36%"
"01/14/2019","46.80","47.38","47.90","46.00","470.49K","-1.89%"
"01/11/2019","47.70","49.52","49.52","46.76","929.84K","-3.71%"
"01/10/2019","49.54","53.40","53.40","49.18","1.05M","-8.00%"
"01/09/2019","53.85","52.05","54.55","51.35","484.98K","4.66%"
"01/08/2019","51.45","50.55","51.60","49.56","388.25K","1.78%"
"01/07/2019","50.55","51.65","51.80","49.76","292.01K","-1.37%"
"01/04/2019","51.25","50.00","51.45","49.00","489.00K","2.54%"
"01/03/2019","49.98","47.98","50.05","47.66","397.10K","3.39%"
"01/02/2019","48.34","48.78","48.78","46.40","343.42K","-0.94%"
"12/28/2018","48.80","49.68","50.50","48.70","396.37K","-0.97%"
"12/27/2018","49.28","50.70","50.70","48.00","674.13K","-0.56%"
"12/21/2018","49.56","48.00","49.84","46.56","1.40M","1.56%"
"12/20/2018","48.80","50.95","51.15","47.54","705.76K","-6.24%"
"12/19/2018","52.05","51.75","52.25","50.50","218.12K","0.10%"
"12/18/2018","52.00","52.40","52.60","49.76","779.44K","-3.97%"
"12/17/2018","54.15","56.80","56.90","54.05","347.54K","-5.00%"
"12/14/2018","57.00","57.25","57.25","55.65","257.08K","-1.13%"
"12/13/2018","57.65","57.90","58.15","56.55","342.68K","-0.09%"
"12/12/2018","57.70","54.75","58.05","54.30","588.96K","5.68%"
"12/11/2018","54.60","56.50","57.25","54.20","1.42M","-3.45%"
"12/10/2018","56.55","57.95","58.40","55.10","832.63K","-4.80%"
"12/07/2018","59.40","57.70","60.10","57.55","401.90K","4.76%"
"12/06/2018","56.70","60.50","60.50","56.40","672.73K","-6.90%"
"12/05/2018","60.90","60.25","62.55","59.45","429.42K","-0.90%"
"12/04/2018","61.45","61.50","62.25","60.30","344.87K","-1.21%"
"12/03/2018","62.20","63.00","63.80","60.60","744.07K","-0.72%"
"11/30/2018","62.65","67.40","67.80","61.00","2.21M","-7.39%"
"11/29/2018","67.65","62.95","67.80","62.55","1.87M","9.11%"
"11/28/2018","62.00","63.45","64.00","61.15","904.99K","-0.96%"
"11/27/2018","62.60","55.85","63.00","55.55","2.21M","14.23%"
"11/26/2018","54.80","54.50","56.20","54.50","421.70K","1.48%"
"11/23/2018","54.00","55.30","55.50","52.80","553.02K","-1.55%"
"11/22/2018","54.85","55.10","55.55","53.45","396.57K","0.37%"
"11/21/2018","54.65","52.05","55.20","52.05","688.77K","5.40%"
"11/20/2018","51.85","54.50","55.40","51.75","614.23K","-4.25%"
"11/19/2018","54.15","53.70","56.20","53.45","797.97K","2.17%"
"11/16/2018","53.00","55.10","56.00","53.00","705.85K","-0.47%"
"11/15/2018","53.25","51.95","54.25","51.20","764.79K","4.51%"
"11/14/2018","50.95","51.90","52.10","49.80","820.27K","-2.02%"
"11/13/2018","52.00","52.20","53.80","51.65","497.41K","-1.05%"
"11/12/2018","52.55","55.50","55.50","52.20","981.82K","-5.40%"
"11/09/2018","55.55","56.80","57.20","55.40","517.79K","-2.29%"
"11/08/2018","56.85","59.50","59.50","55.60","696.87K","-3.73%"
"11/07/2018","59.05","60.60","62.00","59.05","1.71M","-1.09%"
"11/06/2018","59.70","62.20","62.50","59.10","618.77K","-3.63%"
"11/05/2018","61.95","61.25","62.80","61.25","984.67K","1.39%"
"11/02/2018","61.10","61.80","62.95","60.65","650.81K","-0.81%"
"11/01/2018","61.60","60.75","61.70","59.25","581.66K","0.90%"
"10/31/2018","61.05","60.60","62.00","60.00","579.28K","2.26%"
"10/30/2018","59.70","61.65","62.25","59.00","719.30K","-2.77%"
"10/29/2018","61.40","59.35","61.50","59.10","1.50M","4.07%"
"10/26/2018","59.00","54.65","59.00","54.00","1.51M","8.26%"
"10/25/2018","54.50","52.90","54.60","52.00","605.95K","0.93%"
"10/24/2018","54.00","51.55","54.50","51.55","787.71K","5.37%"
"10/23/2018","51.25","52.90","53.15","51.25","549.38K","-4.03%"
"10/22/2018","53.40","54.70","55.10","53.30","379.84K","-2.20%"
"10/19/2018","54.60","54.00","54.75","53.20","397.42K","0.74%"
"10/18/2018","54.20","54.90","55.85","53.85","283.87K","-1.28%"
"10/17/2018","54.90","54.65","56.30","54.35","621.19K","0.46%"
"10/16/2018","54.65","54.10","54.65","53.45","495.46K","2.25%"
"10/15/2018","53.45","52.80","54.20","52.05","663.13K","0.85%"
"10/12/2018","53.00","51.70","53.50","50.40","1.18M","2.91%"
"10/11/2018","51.50","51.00","52.45","49.00","1.51M","-4.63%"
"10/10/2018","54.00","55.20","56.60","53.85","1.38M","-1.82%"
"10/09/2018","55.00","52.35","55.00","52.35","1.22M","5.87%"
"10/08/2018","51.95","53.70","55.00","51.75","878.24K","-2.99%"
"10/05/2018","53.55","53.10","54.10","52.35","1.04M","-0.19%"
"10/04/2018","53.65","52.95","54.40","52.50","1.07M","2.39%"
"10/03/2018","52.40","50.60","52.50","50.60","1.26M","3.76%"
"10/02/2018","50.50","50.50","51.40","50.00","1.93M","1.16%"
"10/01/2018","49.92","48.52","50.50","47.96","1.65M","5.09%"
"09/28/2018","47.50","46.68","47.50","46.20","627.50K","1.80%"
"09/27/2018","46.66","46.00","46.84","45.22","473.68K","1.43%"
"09/26/2018","46.00","45.80","46.18","45.00","552.14K","0.92%"
"09/25/2018","45.58","45.68","45.86","44.60","521.90K","0.31%"
"09/24/2018","45.44","44.72","45.76","44.70","606.49K","1.61%"
"09/21/2018","44.72","43.60","45.12","43.60","905.59K","2.80%"
"09/20/2018","43.50","43.30","43.68","42.90","333.88K","0.46%"
"09/19/2018","43.30","43.00","44.00","42.88","371.72K","1.83%"
"09/18/2018","42.52","42.00","42.60","41.62","247.66K","-0.19%"
"09/17/2018","42.60","42.84","43.00","41.44","351.77K","-0.56%"
"09/14/2018","42.84","42.24","43.12","42.18","185.00K","0.80%"
"09/13/2018","42.50","43.22","43.66","42.50","181.11K","-1.62%"
"09/12/2018","43.20","43.16","43.88","43.08","153.12K","0.47%"
"09/11/2018","43.00","43.20","43.50","42.58","185.92K","-0.37%"
"09/10/2018","43.16","42.70","43.40","42.68","236.19K","0.05%"
"09/07/2018","43.14","43.80","43.80","42.60","430.89K","-1.91%"
"09/06/2018","43.98","43.60","44.24","43.24","289.24K","0.64%"
"09/05/2018","43.70","44.48","44.48","43.42","380.01K","-2.63%"
"09/04/2018","44.88","44.02","45.28","43.50","431.42K","2.79%"
"09/03/2018","43.66","45.50","45.74","43.42","373.59K","-4.04%"
"08/31/2018","45.50","46.08","46.54","45.50","414.23K","-1.34%"
"08/30/2018","46.12","45.44","46.20","44.92","666.04K","0.96%"
"08/29/2018","45.68","45.62","45.98","45.34","134.37K","0.35%"
"08/28/2018","45.52","45.72","45.86","44.54","286.00K","0.22%"
"08/27/2018","45.42","44.76","45.62","44.76","245.86K","1.84%"
"08/24/2018","44.60","45.38","45.76","44.38","618.14K","-3.04%"
"08/23/2018","46.00","45.34","47.62","44.92","1.35M","3.14%"
"08/22/2018","44.60","44.70","46.40","44.22","1.12M","1.36%"
"08/21/2018","44.00","41.86","44.86","41.40","772.16K","5.62%"
"08/20/2018","41.66","43.38","44.50","41.34","1.33M","-3.48%"
"08/17/2018","43.16","40.24","43.60","40.00","1.77M","7.63%"
"08/16/2018","40.10","38.00","40.38","37.72","655.82K","4.97%"
"08/15/2018","38.20","39.10","39.28","38.00","959.26K","-2.60%"
"08/14/2018","39.22","41.08","41.16","38.94","672.53K","-3.40%"
"08/13/2018","40.60","41.26","41.62","40.60","188.44K","-1.26%"
"08/10/2018","41.12","42.00","42.00","40.74","265.53K","-1.63%"
"08/09/2018","41.80","41.32","42.00","41.32","177.26K","0.72%"
"08/08/2018","41.50","41.76","41.76","41.14","233.94K","-0.81%"
"08/07/2018","41.84","41.62","41.84","41.32","164.39K","0.53%"
"08/06/2018","41.62","42.00","42.42","41.54","104.95K","-0.90%"
"08/03/2018","42.00","42.38","42.66","41.84","256.66K","-0.19%"
"08/02/2018","42.08","41.02","42.30","40.42","337.47K","1.94%"
"08/01/2018","41.28","41.52","41.94","40.96","193.98K","-0.53%"
"07/31/2018","41.50","41.80","42.36","41.38","404.52K","-0.95%"
"07/30/2018","41.90","42.84","42.88","41.90","189.02K","-2.19%"
"07/27/2018","42.84","43.50","43.88","42.68","217.98K","-1.15%"
"07/26/2018","43.34","42.24","44.00","42.24","899.76K","2.90%"
"07/25/2018","42.12","43.06","43.66","41.52","505.38K","-3.84%"
"07/24/2018","43.80","44.80","44.88","43.22","360.20K","-3.05%"
"07/23/2018","45.18","44.54","45.38","43.32","366.07K","1.57%"
"07/20/2018","44.48","45.20","45.20","43.88","234.18K","-1.51%"
"07/19/2018","45.16","43.40","45.24","43.22","429.19K","4.63%"
"07/18/2018","43.16","42.10","43.30","41.40","283.68K","2.71%"
"07/17/2018","42.02","41.30","42.34","41.08","279.90K","1.74%"
"07/16/2018","41.30","43.28","43.40","41.24","324.73K","-4.57%"
"07/13/2018","43.28","43.92","43.92","42.76","234.85K","-1.50%"
"07/12/2018","43.94","44.90","45.32","43.54","296.36K","-2.40%"
"07/11/2018","45.02","46.16","46.52","44.22","465.82K","-4.82%"
"07/10/2018","47.30","44.82","47.60","44.82","344.70K","5.39%"
"07/09/2018","44.88","45.20","45.66","44.60","386.17K","-0.27%"
"07/06/2018","45.00","47.02","47.02","44.42","651.74K","-1.79%"
"07/05/2018","45.82","46.16","47.20","45.72","352.53K","-1.16%"
"07/04/2018","46.36","45.54","47.00","45.10","267.59K","1.53%"
"07/03/2018","45.66","47.00","47.10","45.66","279.69K","-2.56%"
"07/02/2018","46.86","47.20","47.94","46.80","206.74K","-1.26%"
"06/29/2018","47.46","48.08","48.74","47.30","290.59K","-1.66%"
"06/28/2018","48.26","50.00","50.00","48.26","602.67K","-4.53%"
"06/27/2018","50.55","47.98","51.00","47.62","1.00M","5.89%"
"06/26/2018","47.74","49.62","49.90","47.28","725.22K","-4.10%"
"06/25/2018","49.78","50.50","50.70","49.40","666.72K","-1.13%"
"06/22/2018","50.35","48.16","50.35","48.02","557.72K","3.35%"
"06/21/2018","48.72","49.28","50.10","48.40","737.56K","-0.90%"
"06/20/2018","49.16","49.00","50.75","48.62","1.86M","1.99%"
"06/19/2018","48.20","47.78","48.36","46.56","787.46K","2.34%"
"06/18/2018","47.10","44.58","47.52","44.22","1.17M","5.65%"
"06/15/2018","44.58","45.80","46.00","44.14","586.40K","-3.09%"
"06/14/2018","46.00","45.16","46.20","45.14","445.45K","1.86%"
"06/13/2018","45.16","45.22","45.30","44.66","386.39K","-0.09%"
"06/12/2018","45.20","44.80","46.14","44.76","329.26K","0.89%"
"06/11/2018","44.80","45.58","45.70","44.62","519.11K","-1.71%"
"06/08/2018","45.58","46.32","46.54","45.50","645.28K","-1.77%"
"06/07/2018","46.40","46.90","47.14","46.26","489.00K","-1.07%"
"06/06/2018","46.90","45.98","47.26","45.08","783.15K","2.40%"
"06/05/2018","45.80","45.46","46.78","45.20","496.06K","0.62%"
"06/04/2018","45.52","47.06","47.06","45.52","685.90K","-1.81%"
"06/01/2018","46.36","47.50","48.20","45.82","1.32M","-2.40%"
"05/31/2018","47.50","43.66","48.70","43.30","2.81M","10.83%"
"05/30/2018","42.86","41.70","42.86","41.38","1.04M","2.93%"
"05/29/2018","41.64","41.26","42.32","40.52","2.09M","1.56%"
"05/28/2018","41.00","38.60","41.36","38.60","1.35M","6.83%"
"05/25/2018","38.38","39.16","39.16","38.00","500.66K","-1.99%"
"05/24/2018","39.16","39.00","39.60","38.46","556.02K","0.41%"
"05/23/2018","39.00","38.22","39.00","37.84","437.77K","1.83%"
"05/22/2018","38.30","38.50","38.50","38.10","619.17K","-0.31%"
"05/18/2018","38.42","38.00","38.50","37.60","369.14K","1.37%"
"05/16/2018","37.90","38.00","38.20","37.32","339.82K","-0.26%"
"05/15/2018","38.00","37.80","38.20","37.44","386.02K","0.64%"
"05/14/2018","37.76","37.50","37.76","37.30","936.27K","0.69%"
"05/11/2018","37.50","37.46","37.70","36.92","405.93K","0.37%"
"05/09/2018","37.36","37.06","37.48","36.66","458.48K","1.25%"
"05/08/2018","36.90","35.12","37.50","35.12","1.03M","5.13%"
"05/07/2018","35.10","34.64","35.10","34.54","646.10K","1.15%"
"05/04/2018","34.70","34.90","35.12","34.36","157.30K","-0.69%"
"05/03/2018","34.94","34.90","35.26","34.62","207.87K","-0.17%"
"05/02/2018","35.00","34.72","35.22","34.72","157.84K","0.81%"
"04/30/2018","34.72","35.94","35.94","34.72","281.65K","-3.02%"
"04/27/2018","35.80","36.56","36.56","35.34","384.47K","-1.43%"
"04/26/2018","36.32","36.46","36.46","35.62","357.73K","0.89%"
"04/25/2018","36.00","37.96","37.96","36.00","862.08K","-6.10%"
"04/24/2018","38.34","38.00","38.48","37.86","304.16K","0.89%"
"04/23/2018","38.00","38.08","38.60","37.76","526.18K","-0.11%"
"04/20/2018","38.04","37.80","38.66","37.68","629.18K","1.22%"
"04/19/2018","37.58","37.20","37.70","36.78","489.70K","1.24%"
"04/18/2018","37.12","37.20","37.38","36.58","493.06K","0.65%"
"04/17/2018","36.88","37.00","37.60","36.82","585.61K","0.22%"
"04/16/2018","36.80","36.80","37.06","36.40","224.20K","0.05%"
"04/13/2018","36.78","37.20","37.68","36.40","739.02K","-0.59%"
"04/12/2018","37.00","36.58","37.08","35.74","679.26K","1.37%"
"04/11/2018","36.50","35.20","36.50","34.50","744.09K","5.43%"
"04/10/2018","34.62","33.84","34.62","33.70","451.14K","2.43%"
"04/09/2018","33.80","34.06","34.42","33.44","354.90K","-1.00%"
"04/06/2018","34.14","35.70","35.80","33.92","480.41K","-4.37%"
"04/05/2018","35.70","34.88","35.70","34.88","651.19K","2.35%"
"04/04/2018","34.88","34.82","35.68","33.56","461.97K","0.40%"
"04/03/2018","34.74","34.90","35.30","34.50","452.96K","-2.69%"
"03/28/2018","35.70","36.00","36.22","35.70","277.94K","-0.67%"
"03/27/2018","35.94","35.20","35.94","35.20","255.25K","2.51%"
"03/26/2018","35.06","34.86","35.22","34.70","298.17K","-0.51%"
"03/23/2018","35.24","34.04","35.24","34.04","439.14K","2.62%"
"03/22/2018","34.34","35.42","35.42","34.28","608.32K","-3.38%"
"03/21/2018","35.54","34.40","35.54","33.68","715.72K","3.98%"
"03/20/2018","34.18","34.18","34.24","33.40","373.93K","1.06%"
"03/19/2018","33.82","34.80","34.94","33.64","774.42K","0.00%"
"03/16/2018","33.82","34.70","34.70","33.56","628.15K","-1.46%"
"03/15/2018","34.32","34.30","34.80","33.14","1.20M","0.94%"
"03/14/2018","34.00","35.14","35.88","34.00","1.03M","-3.85%"
"03/13/2018","35.36","33.84","35.86","33.84","1.42M","4.93%"
"03/12/2018","33.70","34.18","34.20","33.30","349.41K","-0.88%"
"03/09/2018","34.00","33.98","34.34","33.30","511.88K","0.83%"
"03/08/2018","33.72","34.98","34.98","33.72","705.91K","-3.66%"
"03/07/2018","35.00","34.30","35.42","33.36","1.63M","0.06%"
"03/06/2018","34.98","32.28","34.98","32.08","3.28M","12.40%"
"03/05/2018","31.12","31.84","31.84","30.62","524.26K","2.17%"
"03/02/2018","30.46","30.62","30.92","30.22","789.12K","-1.23%"
"03/01/2018","30.84","30.90","31.34","30.50","717.86K","-1.60%"
"02/28/2018","31.34","32.10","33.56","31.34","1.02M","-3.87%"
"02/27/2018","32.60","32.56","33.34","32.38","334.40K","-0.43%"
"02/26/2018","32.74","33.60","34.22","32.72","600.45K","-2.03%"
"02/23/2018","33.42","32.54","33.64","32.32","750.49K","3.47%"
"02/22/2018","32.30","31.90","32.48","31.42","351.42K","1.25%"
"02/21/2018","31.90","31.78","32.20","31.24","311.65K","0.31%"
"02/20/2018","31.80","31.60","31.82","30.72","413.61K","1.34%"
"02/19/2018","31.38","31.50","32.00","31.28","347.12K","-0.38%"
"02/16/2018","31.50","31.60","31.92","31.38","370.54K","-0.06%"
"02/15/2018","31.52","31.78","32.92","31.50","310.48K","-0.57%"
"02/14/2018","31.70","31.96","32.00","31.34","407.84K","0.19%"
"02/13/2018","31.64","32.52","33.10","31.52","565.35K","-2.35%"
"02/12/2018","32.40","32.20","33.46","32.20","513.91K","1.38%"
"02/09/2018","31.96","32.00","32.38","31.40","583.64K","-2.32%"
"02/08/2018","32.72","33.64","33.74","32.06","353.89K","1.11%"
"02/07/2018","32.36","32.94","32.94","31.62","713.95K","1.70%"
"02/06/2018","31.82","31.00","32.50","30.60","1.57M","-3.69%"
"02/05/2018","33.04","33.90","34.22","32.60","787.05K","-3.11%"
"02/02/2018","34.10","35.50","35.56","34.00","1.41M","-4.32%"
"02/01/2018","35.64","35.74","36.10","35.50","555.14K","-0.22%"
"01/31/2018","35.72","35.70","36.58","35.62","557.37K","-0.50%"
"01/30/2018","35.90","37.60","37.72","35.66","1.30M","-5.48%"
"01/29/2018","37.98","38.06","38.34","37.52","769.77K","-0.21%"
"01/26/2018","38.06","38.02","38.38","37.66","453.34K","0.11%"
"01/25/2018","38.02","38.48","38.96","37.90","936.13K","-0.26%"
"01/24/2018","38.12","38.94","38.98","38.12","531.87K","-2.06%"
"01/23/2018","38.92","39.12","39.36","38.64","797.23K","-0.61%"
"01/22/2018","39.16","38.76","39.52","38.76","477.58K","0.62%"
"01/19/2018","38.92","39.20","39.30","38.70","524.94K","-1.12%"
"01/18/2018","39.36","39.92","40.20","39.22","507.17K","-1.60%"
"01/17/2018","40.00","40.40","40.72","39.82","681.06K","-2.72%"
"01/16/2018","41.12","40.80","41.52","40.76","1.04M","0.93%"
"01/15/2018","40.74","40.36","41.24","40.22","628.80K","2.11%"
"01/12/2018","39.90","39.58","40.30","39.20","673.62K","0.91%"
"01/11/2018","39.54","39.02","39.62","38.52","462.13K","1.38%"
"01/10/2018","39.00","39.32","39.52","38.98","704.48K","-0.76%"
"01/09/2018","39.30","39.84","40.28","39.22","737.21K","-1.45%"
"01/08/2018","39.88","41.18","41.46","39.80","917.93K","-3.16%"
"01/05/2018","41.18","41.98","41.98","40.72","1.34M","-2.05%"
"01/04/2018","42.04","39.64","42.32","39.60","1.98M","6.97%"
"01/03/2018","39.30","38.90","39.76","38.50","824.88K","-0.51%"
"01/02/2018","39.50","38.20","40.48","38.10","811.45K","3.67%"
"12/29/2017","38.10","38.50","38.70","38.00","418.04K","-1.30%"
"12/28/2017","38.60","38.60","38.90","38.30","319.52K","-0.77%"
"12/27/2017","38.90","38.40","39.20","38.20","243.23K","1.30%"
"12/22/2017","38.40","38.80","39.30","38.40","408.91K","-1.54%"
"12/21/2017","39.00","38.50","39.60","38.00","871.93K","1.04%"
"12/20/2017","38.60","39.00","39.30","38.10","855.91K","-1.28%"
"12/19/2017","39.10","39.30","40.30","39.00","557.02K","-1.01%"
"12/18/2017","39.50","39.90","39.90","39.20","301.86K","0.00%"
"12/15/2017","39.50","39.20","40.20","39.00","659.29K","-1.99%"
"12/14/2017","40.30","40.40","40.80","39.40","757.26K","-1.47%"
"12/13/2017","40.90","41.00","41.50","40.30","329.84K","-1.92%"
"12/12/2017","41.70","42.00","42.40","40.90","344.89K","0.72%"
"12/11/2017","41.40","40.30","41.60","40.00","283.50K","2.48%"
"12/08/2017","40.40","40.60","40.70","40.10","402.13K","-0.98%"
"12/07/2017","40.80","40.10","40.90","40.00","509.90K","-0.24%"
"12/06/2017","40.90","41.90","42.00","40.50","347.96K","-2.85%"
"12/05/2017","42.10","42.70","43.00","42.10","385.32K","-2.77%"
"12/04/2017","43.30","43.10","43.90","43.10","236.84K","-1.37%"
"12/01/2017","43.90","43.30","43.90","42.90","280.22K","1.39%"
"11/30/2017","43.30","43.50","43.70","42.30","1.28M","-1.37%"
"11/29/2017","43.90","45.10","45.10","43.60","377.15K","-2.66%"
"11/28/2017","45.10","44.50","45.20","43.80","378.72K","1.12%"
"11/27/2017","44.60","44.80","45.20","44.20","256.83K","-0.67%"
"11/24/2017","44.90","43.30","45.00","42.80","507.69K","3.22%"
"11/23/2017","43.50","45.60","45.70","43.50","624.99K","-7.05%"
"11/22/2017","46.80","47.00","47.00","43.40","1.34M","-1.47%"
"11/21/2017","47.50","47.70","47.90","47.00","305.28K","-0.42%"
"11/20/2017","47.70","47.20","48.00","47.20","165.07K","0.85%"
"11/17/2017","47.30","47.30","47.70","46.70","457.58K","0.64%"
"11/16/2017","47.00","46.60","47.60","46.60","474.73K","1.08%"
"11/15/2017","46.50","46.50","47.00","45.90","448.05K","-1.27%"
"11/14/2017","47.10","48.00","48.20","46.70","463.08K","-2.89%"
"11/13/2017","48.50","49.30","49.60","48.00","429.86K","-1.02%"
"11/10/2017","49.00","49.50","50.00","48.90","267.95K","-1.01%"
"11/09/2017","49.50","50.75","51.00","49.10","348.18K","-2.46%"
"11/08/2017","50.75","51.25","51.50","50.75","417.21K","-0.98%"
"11/07/2017","51.25","51.75","52.00","51.00","286.02K","0.00%"
"11/06/2017","51.25","52.00","53.00","51.00","569.45K","0.49%"
"11/03/2017","51.00","52.00","52.25","51.00","377.78K","-1.92%"
"11/02/2017","52.00","51.25","52.00","50.50","359.75K","1.46%"
"11/01/2017","51.25","50.25","52.00","50.00","646.59K","2.50%"
"10/31/2017","50.00","49.90","50.50","49.70","206.01K","0.20%"
"10/30/2017","49.90","49.20","50.75","49.20","451.61K","1.84%"
"10/27/2017","49.00","49.10","49.40","48.30","388.03K","1.03%"
"10/26/2017","48.50","48.50","49.00","48.30","226.67K","-1.02%"
"10/25/2017","49.00","48.30","49.30","47.40","269.00K","1.45%"
"10/24/2017","48.30","49.10","49.50","48.30","350.20K","-1.63%"
"10/23/2017","49.10","49.00","49.50","48.60","832.08K","0.41%"
"10/20/2017","48.90","48.70","49.50","48.70","184.93K","0.62%"
"10/19/2017","48.60","50.50","50.50","48.60","385.58K","-4.24%"
"10/18/2017","50.75","49.50","50.75","49.30","238.25K","2.53%"
"10/17/2017","49.50","50.50","51.00","49.50","509.17K","-1.49%"
"10/16/2017","50.25","48.10","50.75","48.10","919.51K","4.04%"
"10/13/2017","48.30","47.60","48.30","47.10","328.95K","1.26%"
"10/12/2017","47.70","47.30","48.10","47.30","322.75K","0.63%"
"10/11/2017","47.40","47.10","47.50","46.70","214.74K","0.64%"
"10/10/2017","47.10","46.60","47.30","46.50","364.62K","1.07%"
"10/09/2017","46.60","46.90","47.20","46.40","195.97K","-1.27%"
"10/06/2017","47.20","47.80","48.30","47.20","279.02K","-1.26%"
"10/05/2017","47.80","47.80","48.00","47.10","254.80K","0.21%"
"10/04/2017","47.70","48.50","48.80","47.50","350.28K","-1.65%"
"10/03/2017","48.50","47.50","48.60","47.10","328.30K","2.11%"
"10/02/2017","47.50","48.60","48.60","46.60","462.35K","-2.46%"
"09/29/2017","48.70","46.90","48.90","46.20","1.30M","3.84%"
"09/28/2017","46.90","47.30","47.50","46.70","234.85K","-0.21%"
"09/27/2017","47.00","46.10","48.00","46.00","760.98K","2.40%"
"09/26/2017","45.90","45.20","46.30","45.10","586.12K","0.00%"
"09/25/2017","45.90","46.00","46.40","45.50","470.36K","-0.65%"
"09/22/2017","46.20","45.80","46.80","45.00","560.29K","-0.43%"
"09/21/2017","46.40","44.90","46.50","44.90","617.68K","3.80%"
"09/20/2017","44.70","43.90","44.90","43.80","421.75K","1.59%"
"09/19/2017","44.00","44.40","44.40","43.60","315.09K","-0.90%"
"09/18/2017","44.40","44.10","44.40","43.50","291.40K","1.37%"
"09/15/2017","43.80","44.20","44.30","43.40","207.40K","-0.90%"
"09/14/2017","44.20","44.50","44.50","43.70","310.01K","-0.67%"
"09/13/2017","44.50","43.50","44.60","43.20","411.18K","2.30%"
"09/12/2017","43.50","43.80","43.90","43.20","329.20K","0.00%"
"09/11/2017","43.50","43.40","44.10","43.30","684.89K","0.46%"
"09/08/2017","43.30","44.60","44.60","42.70","843.87K","-2.26%"
"09/07/2017","44.30","42.90","44.70","42.80","1.32M","4.98%"
"09/06/2017","42.20","40.10","42.50","40.00","919.33K","4.20%"
"09/05/2017","40.50","40.80","42.00","40.20","824.56K","-0.74%"
"09/04/2017","40.80","39.60","41.20","39.20","882.95K","2.00%"
"09/01/2017","40.00","38.50","40.40","38.50","1.01M","2.56%"
"08/31/2017","39.00","40.40","40.80","38.80","994.42K","-4.41%"
"08/30/2017","40.80","41.90","41.90","39.80","1.12M","-5.12%"
"08/29/2017","43.00","44.80","44.80","42.40","413.78K","-3.37%"
"08/28/2017","44.50","43.90","44.80","43.10","559.40K","3.01%"
"08/25/2017","43.20","42.30","43.30","41.80","563.19K","1.89%"
"08/24/2017","42.40","42.10","42.50","41.50","542.94K","1.92%"
"08/23/2017","41.60","41.80","42.10","41.00","287.59K","0.73%"
"08/22/2017","41.30","40.60","41.50","40.20","253.95K","1.98%"
"08/21/2017","40.50","39.70","40.50","39.70","169.80K","2.02%"
"08/18/2017","39.70","40.10","40.50","39.60","364.96K","0.25%"
"08/17/2017","39.60","40.40","40.70","39.20","696.82K","-2.22%"
"08/16/2017","40.50","41.80","42.00","40.40","524.01K","-3.57%"
"08/15/2017","42.00","42.70","42.70","42.00","278.34K","-1.87%"
"08/14/2017","42.80","42.50","43.20","42.50","256.89K","0.94%"
"08/11/2017","42.40","42.90","43.10","42.00","419.66K","-1.85%"
"08/10/2017","43.20","44.20","44.50","43.20","300.57K","-2.04%"
"08/09/2017","44.10","43.90","44.40","43.70","266.88K","0.00%"
"08/08/2017","44.10","44.00","44.20","43.50","166.58K","0.00%"
"08/07/2017","44.10","43.50","44.40","42.70","345.57K","0.92%"
"08/04/2017","43.70","44.20","44.20","43.30","323.50K","-1.58%"
"08/03/2017","44.40","45.00","45.10","44.20","333.23K","-0.22%"
"08/02/2017","44.50","45.10","45.10","43.80","510.42K","-1.33%"
"08/01/2017","45.10","45.60","46.10","45.00","375.05K","-1.10%"
"07/31/2017","45.60","46.80","46.80","45.60","256.59K","-2.36%"
"07/28/2017","46.70","45.60","46.70","45.60","237.36K","1.97%"
"07/27/2017","45.80","46.00","46.40","45.60","208.29K","-0.43%"
"07/26/2017","46.00","46.60","47.00","46.00","199.63K","-1.92%"
"07/25/2017","46.90","47.10","47.40","46.70","175.75K","-0.64%"
"07/24/2017","47.20","48.10","48.80","47.10","311.60K","-0.63%"
"07/21/2017","47.50","50.50","50.75","47.40","339.59K","-6.86%"
"07/20/2017","51.00","52.00","52.25","50.75","198.94K","-1.92%"
"07/19/2017","52.00","51.25","52.00","51.00","194.81K","1.96%"
"07/18/2017","51.00","51.00","51.50","50.75","140.44K","0.00%"
"07/17/2017","51.00","50.75","51.25","50.50","179.15K","0.49%"
"07/14/2017","50.75","49.00","50.75","48.90","166.94K","3.78%"
"07/13/2017","48.90","47.90","49.00","47.70","130.11K","0.62%"
"07/12/2017","48.60","48.00","49.40","48.00","185.61K","1.25%"
"07/11/2017","48.00","48.20","48.90","48.00","87.26K","-0.41%"
"07/10/2017","48.20","47.80","48.40","47.20","189.23K","0.84%"
"07/07/2017","47.80","48.10","49.00","47.80","166.39K","-1.44%"
"07/06/2017","48.50","49.20","49.20","47.70","144.27K","-0.82%"
"07/05/2017","48.90","48.60","49.30","48.20","205.89K","0.62%"
"07/04/2017","48.60","49.00","50.25","48.10","340.62K","0.41%"
"07/03/2017","48.40","47.70","48.50","47.20","260.27K","2.76%"
"06/30/2017","47.10","47.00","47.10","46.30","160.58K","0.86%"
"06/29/2017","46.70","47.10","47.10","46.10","199.05K","0.21%"
"06/28/2017","46.60","46.80","46.80","45.70","348.19K","-0.43%"
"06/27/2017","46.80","46.60","46.80","46.10","258.88K","0.65%"
"06/26/2017","46.50","46.80","47.10","46.20","217.02K","-0.43%"
"06/23/2017","46.70","46.40","46.80","46.10","265.63K","0.43%"
"06/22/2017","46.50","46.50","46.70","45.70","278.41K","-0.43%"
"06/21/2017","46.70","46.10","46.90","45.80","298.13K","2.41%"
"06/20/2017","45.60","46.20","46.60","45.60","220.82K","-1.30%"
"06/19/2017","46.20","46.00","46.70","45.80","339.67K","0.43%"
"06/16/2017","46.00","46.20","46.70","45.00","804.27K","-1.29%"
"06/15/2017","46.60","46.33","46.60","45.22","1.20M","2.46%"
"06/14/2017","45.48","47.27","47.50","45.35","961.37K","-4.65%"
"06/13/2017","47.70","48.60","48.67","47.16","509.99K","0.95%"
"06/12/2017","47.25","47.29","47.29","45.41","495.89K","2.25%"
"06/09/2017","46.21","47.00","47.00","45.21","494.64K","-1.81%"
"06/08/2017","47.06","47.23","47.55","46.70","481.75K","-1.18%"
"06/07/2017","47.62","47.97","48.00","47.26","287.81K","1.32%"
"06/06/2017","47.00","48.10","48.21","46.43","490.38K","-1.78%"
"06/02/2017","47.85","49.30","49.30","47.74","522.12K","-2.72%"
"06/01/2017","49.19","48.82","49.35","48.07","864.05K","3.89%"
"05/31/2017","47.35","45.57","49.16","45.51","1.15M","0.57%"
"05/30/2017","47.08","49.18","49.18","47.00","510.84K","-4.33%"
"05/29/2017","49.21","48.30","49.23","48.00","262.21K","1.67%"
"05/26/2017","48.40","50.60","50.60","48.31","671.57K","-7.46%"
"05/24/2017","52.30","51.80","52.30","51.75","173.32K","0.97%"
"05/23/2017","51.80","51.85","52.20","51.50","325.83K","-0.77%"
"05/22/2017","52.20","52.40","52.60","51.85","277.73K","-0.48%"
"05/19/2017","52.45","52.75","53.35","52.35","339.63K","-0.47%"
"05/18/2017","52.70","53.50","53.80","52.65","588.49K","-3.13%"
"05/16/2017","54.40","54.25","55.25","54.10","350.53K","-1.54%"
"05/15/2017","55.25","54.55","55.80","54.55","287.50K","1.19%"
"05/12/2017","54.60","54.70","54.95","54.45","121.25K","-0.73%"
"05/11/2017","55.00","55.00","55.35","54.70","231.42K","0.27%"
"05/10/2017","54.85","54.80","55.35","54.55","371.59K","-1.44%"
"05/09/2017","55.65","54.95","56.35","54.75","364.32K","0.18%"
"05/08/2017","55.55","55.55","55.85","54.90","254.89K","0.00%"
"05/05/2017","55.55","55.00","55.60","54.80","312.71K","-0.98%"
"05/04/2017","56.10","56.65","57.40","56.05","166.79K","-1.92%"
"05/03/2017","57.20","56.85","57.30","56.60","201.07K","0.00%"
"05/02/2017","57.20","57.00","57.70","56.90","199.98K","0.00%"
"04/28/2017","57.20","56.90","57.60","56.75","154.64K","0.26%"
"04/27/2017","57.05","57.20","57.50","56.85","216.79K","-1.30%"
"04/26/2017","57.80","58.50","58.50","57.50","184.99K","-0.43%"
"04/25/2017","58.05","57.40","58.25","57.00","445.02K","1.49%"
"04/24/2017","57.20","56.80","58.40","56.80","334.69K","-0.44%"
"04/21/2017","57.45","57.80","57.80","56.85","321.87K","0.09%"
"04/20/2017","57.40","56.85","57.50","56.65","287.23K","1.06%"
"04/19/2017","56.80","56.95","57.55","56.70","322.29K","-0.61%"
"04/18/2017","57.15","58.65","58.65","56.60","367.86K","-3.05%"
"04/12/2017","58.95","59.50","59.50","58.60","343.74K","1.03%"
"04/11/2017","58.35","58.80","58.80","57.85","337.73K","-0.17%"
"04/10/2017","58.45","58.25","58.55","57.55","188.37K","1.04%"
"04/07/2017","57.85","58.00","58.05","57.50","216.17K","-0.26%"
"04/06/2017","58.00","57.05","58.25","56.95","556.88K","-0.85%"
"04/05/2017","58.50","57.65","58.85","57.60","376.22K","1.39%"
"04/04/2017","57.70","57.55","58.05","56.75","386.17K","0.26%"
"04/03/2017","57.55","57.40","57.85","57.25","215.89K","0.09%"
"03/31/2017","57.50","58.00","58.00","57.35","431.36K","-1.71%"
"03/30/2017","58.50","58.50","59.00","57.75","235.65K","0.00%"
"03/29/2017","58.50","57.50","58.60","56.80","407.82K","1.83%"
"03/28/2017","57.45","57.50","57.75","56.60","265.55K","1.68%"
"03/27/2017","56.50","56.90","57.15","56.15","466.46K","-1.65%"
"03/24/2017","57.45","57.75","57.90","56.65","335.78K","1.50%"
"03/23/2017","56.60","57.75","57.80","56.55","498.58K","-0.70%"
"03/22/2017","57.00","58.00","58.00","56.65","448.83K","-2.56%"
"03/21/2017","58.50","60.00","60.30","58.35","469.10K","-2.90%"
"03/20/2017","60.25","59.30","60.70","59.30","480.55K","1.77%"
"03/17/2017","59.20","60.00","60.30","59.10","587.81K","-1.25%"
"03/16/2017","59.95","58.35","60.60","58.20","1.36M","3.01%"
"03/15/2017","58.20","57.50","58.20","57.25","253.71K","1.22%"
"03/14/2017","57.50","58.20","58.60","57.25","438.01K","-1.20%"
"03/13/2017","58.20","57.30","58.50","56.50","686.44K","1.13%"
"03/10/2017","57.55","57.90","57.90","57.05","261.55K","-1.62%"
"03/09/2017","58.50","57.65","58.60","56.80","504.58K","0.95%"
"03/08/2017","57.95","58.20","58.20","57.35","247.07K","-0.60%"
"03/07/2017","58.30","58.95","59.15","58.00","267.85K","-0.77%"
"03/06/2017","58.75","58.80","59.00","58.10","283.41K","0.09%"
"03/03/2017","58.70","59.70","59.70","58.50","350.78K","-1.18%"
"03/02/2017","59.40","59.70","60.00","58.75","647.49K","1.11%"
"03/01/2017","58.75","58.20","59.35","58.00","552.61K","0.43%"
"02/28/2017","58.50","56.60","59.80","56.45","1.55M","3.91%"
"02/27/2017","56.30","55.85","56.45","55.25","416.47K","0.90%"
"02/24/2017","55.80","56.70","56.70","55.75","411.10K","-1.50%"
"02/23/2017","56.65","57.30","57.40","55.85","642.46K","-1.13%"
"02/22/2017","57.30","58.05","58.40","57.15","221.87K","-1.21%"
"02/21/2017","58.00","57.40","58.35","57.05","437.69K","0.96%"
"02/20/2017","57.45","58.10","58.60","57.15","343.31K","-1.20%"
"02/17/2017","58.15","58.30","58.50","57.50","412.70K","0.61%"
"02/16/2017","57.80","58.00","58.55","57.75","342.91K","-0.60%"
"02/15/2017","58.15","59.20","59.50","58.00","355.59K","-1.36%"
"02/14/2017","58.95","59.95","59.95","58.85","364.61K","-2.24%"
"02/13/2017","60.30","59.25","60.75","58.90","798.48K","3.43%"
"02/10/2017","58.30","56.50","58.35","56.15","785.72K","3.74%"
"02/09/2017","56.20","55.95","56.55","55.75","455.83K","0.90%"
"02/08/2017","55.70","56.95","57.60","55.60","562.34K","-2.28%"
"02/07/2017","57.00","55.75","57.10","55.75","515.92K","1.06%"
"02/06/2017","56.40","55.90","57.10","55.75","467.28K","0.89%"
"02/03/2017","55.90","55.70","55.95","55.15","687.92K","0.18%"
"02/02/2017","55.80","56.40","56.45","55.35","1.04M","-1.93%"
"02/01/2017","56.90","56.70","57.30","56.25","659.40K","-0.18%"
"01/31/2017","57.00","58.45","59.25","56.70","712.94K","-1.38%"
"01/30/2017","57.80","59.05","60.70","57.65","1.07M","-1.37%"
"01/27/2017","58.60","60.20","60.20","58.60","671.33K","-2.82%"
"01/26/2017","60.30","60.35","60.95","59.55","557.94K","0.00%"
"01/25/2017","60.30","59.85","60.70","59.60","492.82K","1.34%"
"01/24/2017","59.50","59.60","59.95","59.20","580.14K","-0.75%"
"01/23/2017","59.95","60.20","60.55","59.20","626.12K","1.27%"
"01/20/2017","59.20","60.00","60.40","59.20","424.58K","-0.67%"
"01/19/2017","59.60","59.80","60.20","59.10","568.59K","0.42%"
"01/18/2017","59.35","59.30","59.90","59.15","355.24K","-0.42%"
"01/17/2017","59.60","60.25","60.50","59.50","504.48K","-0.58%"
"01/16/2017","59.95","60.40","60.65","59.60","434.92K","-0.58%"
"01/13/2017","60.30","61.15","61.60","60.30","697.09K","-1.39%"
"01/12/2017","61.15","62.10","62.35","60.95","1.21M","-1.77%"
"01/11/2017","62.25","61.35","62.55","60.65","566.91K","1.30%"
"01/10/2017","61.45","61.20","61.50","60.20","841.19K","0.24%"
"01/09/2017","61.30","63.00","63.00","60.65","1.24M","-2.78%"
"01/06/2017","63.05","63.55","64.35","62.55","688.54K","-0.71%"
"01/05/2017","63.50","63.50","63.90","63.05","584.43K","-0.16%"
"01/04/2017","63.60","64.35","64.55","63.00","904.51K","-0.63%"
"01/03/2017","64.00","63.00","64.70","62.80","1.85M","2.73%"
"01/02/2017","62.30","62.95","64.10","62.20","1.23M","0.48%"
"12/30/2016","62.00","61.30","62.45","60.50","943.43K","0.81%"
"12/29/2016","61.50","62.05","62.35","61.35","319.64K","-0.97%"
"12/28/2016","62.10","62.20","62.90","61.90","384.60K","-0.16%"
"12/27/2016","62.20","61.75","62.75","61.70","345.75K","0.65%"
"12/23/2016","61.80","62.75","63.40","61.50","608.86K","-1.90%"
"12/22/2016","63.00","62.70","63.90","62.65","518.50K","0.96%"
"12/21/2016","62.40","63.20","64.00","62.00","947.24K","-0.64%"
"12/20/2016","62.80","61.95","63.30","61.40","1.26M","0.16%"
"12/19/2016","62.70","64.50","65.10","62.20","904.16K","-3.91%"
"12/16/2016","65.25","65.50","66.35","64.85","734.14K","-0.15%"
"12/15/2016","65.35","63.95","65.75","63.85","1.12M","1.32%"
"12/14/2016","64.50","64.75","65.60","64.10","1.04M","-0.77%"
"12/13/2016","65.00","62.90","65.35","62.40","1.38M","3.34%"
"12/12/2016","62.90","64.95","65.20","62.65","826.51K","-4.55%"
"12/09/2016","65.90","63.55","66.25","62.90","1.78M","4.77%"
"12/08/2016","62.90","61.45","63.25","61.45","548.47K","2.44%"
"12/07/2016","61.40","60.75","62.50","60.70","448.89K","0.99%"
"12/06/2016","60.80","60.25","61.00","59.40","357.71K","2.18%"
"12/05/2016","59.50","59.05","60.60","58.50","294.88K","-0.50%"
"12/02/2016","59.80","59.30","60.25","58.75","365.97K","-0.08%"
"12/01/2016","59.85","60.10","60.80","57.40","817.21K","-1.89%"
"11/30/2016","61.00","61.30","62.60","60.60","690.94K","-0.81%"
"11/29/2016","61.50","63.45","63.60","60.30","450.02K","-3.15%"
"11/28/2016","63.50","64.30","64.30","63.25","223.78K","-1.70%"
"11/25/2016","64.60","64.85","65.05","64.15","147.76K","-0.15%"
"11/24/2016","64.70","64.95","65.25","64.65","105.39K","-0.31%"
"11/23/2016","64.90","65.40","65.40","64.05","196.77K","-0.69%"
"11/22/2016","65.35","66.00","66.00","65.10","295.33K","1.55%"
"11/21/2016","64.35","65.30","65.35","63.50","328.28K","0.16%"
"11/18/2016","64.25","64.40","65.00","62.95","478.07K","-2.50%"
"11/17/2016","65.90","64.90","68.00","64.50","1.74M","3.45%"
"11/16/2016","63.70","62.45","63.70","61.80","583.63K","3.24%"
"11/15/2016","61.70","62.80","63.05","61.00","563.18K","-2.37%"
"11/14/2016","63.20","62.90","63.50","62.20","497.11K","1.28%"
"11/11/2016","62.40","62.55","62.85","61.45","460.13K","1.30%"
"11/10/2016","61.60","60.00","62.00","59.60","650.65K","5.21%"
"11/09/2016","58.55","55.60","59.25","55.50","486.36K","1.30%"
"11/08/2016","57.80","59.30","59.70","57.80","286.78K","-2.53%"
"11/07/2016","59.30","58.35","59.35","58.10","237.21K","3.31%"
"11/04/2016","57.40","57.55","58.40","57.35","424.66K","-1.54%"
"11/03/2016","58.30","58.40","58.55","57.90","277.65K","-0.17%"
"11/02/2016","58.40","59.95","60.45","57.75","847.20K","-4.18%"
"11/01/2016","60.95","59.65","61.00","59.65","334.32K","0.58%"
"10/31/2016","60.60","61.40","62.20","60.40","429.87K","-1.46%"
"10/28/2016","61.50","60.80","61.65","60.60","260.82K","1.15%"
"10/27/2016","60.80","61.10","61.20","60.20","288.92K","0.00%"
"10/26/2016","60.80","62.00","62.00","60.50","437.26K","-2.56%"
"10/25/2016","62.40","62.40","62.70","61.60","401.42K","0.00%"
"10/24/2016","62.40","63.30","63.85","62.05","500.03K","-2.35%"
"10/21/2016","63.90","64.10","64.30","63.10","429.46K","0.08%"
"10/20/2016","63.85","63.55","64.30","63.15","620.62K","1.35%"
"10/19/2016","63.00","61.70","63.40","61.70","433.37K","2.19%"
"10/18/2016","61.65","61.55","63.50","61.50","374.99K","-0.08%"
"10/17/2016","61.70","62.00","62.80","61.40","361.47K","-1.28%"
"10/14/2016","62.50","61.35","63.95","61.30","609.92K","2.29%"
"10/13/2016","61.10","62.50","62.75","61.00","505.76K","-4.16%"
"10/12/2016","63.75","64.05","64.75","63.70","329.84K","-1.01%"
"10/11/2016","64.40","64.25","65.55","64.00","646.66K","0.23%"
"10/10/2016","64.25","61.50","64.35","61.50","582.02K","4.47%"
"10/07/2016","61.50","62.00","62.60","60.60","717.69K","-2.30%"
"10/06/2016","62.95","59.90","63.70","59.90","1.28M","5.44%"
"10/05/2016","59.70","58.20","59.95","57.70","729.27K","2.31%"
"10/04/2016","58.35","56.20","59.05","56.20","973.24K","3.92%"
"10/03/2016","56.15","57.70","58.00","56.10","406.60K","-2.43%"
"09/30/2016","57.55","57.50","57.90","56.75","340.74K","-0.69%"
"09/29/2016","57.95","59.00","59.15","57.50","586.51K","-2.19%"
"09/28/2016","59.25","57.75","60.15","57.75","706.72K","1.89%"
"09/27/2016","58.15","58.10","58.65","57.50","446.91K","-1.11%"
"09/26/2016","58.80","58.95","59.50","57.65","531.40K","-2.00%"
"09/23/2016","60.00","60.00","60.60","59.40","318.28K","-1.23%"
"09/22/2016","60.75","60.85","61.20","60.10","327.12K","1.25%"
"09/21/2016","60.00","59.95","60.25","59.15","257.60K","0.17%"
"09/20/2016","59.90","58.45","59.90","58.05","879.75K","-0.42%"
"09/19/2016","60.15","58.60","60.75","58.60","478.08K","4.61%"
"09/16/2016","57.50","56.80","57.50","56.50","349.89K","-0.35%"
"09/15/2016","57.70","57.00","57.75","54.85","673.77K","-0.60%"
"09/14/2016","58.05","57.60","59.10","57.50","493.97K","0.78%"
"09/13/2016","57.60","58.70","59.30","57.60","467.93K","-1.29%"
"09/12/2016","58.35","59.00","59.00","57.70","524.11K","-3.07%"
"09/09/2016","60.20","59.90","61.65","59.40","432.89K","-2.35%"
"09/08/2016","61.65","61.90","62.70","61.30","725.07K","-0.88%"
"09/07/2016","62.20","62.20","62.55","61.30","820.57K","2.30%"
"09/06/2016","60.80","61.50","61.50","60.40","419.40K","0.00%"
"09/05/2016","60.80","60.30","61.95","60.25","424.20K","0.91%"
"09/02/2016","60.25","59.55","60.50","58.50","950.89K","1.01%"
"09/01/2016","59.65","61.50","61.50","58.50","1.79M","-4.25%"
"08/31/2016","62.30","63.30","65.00","61.75","1.35M","-7.43%"
"08/30/2016","67.30","67.20","67.85","66.30","375.15K","-0.22%"
"08/29/2016","67.45","67.65","68.25","67.40","325.46K","-0.81%"
"08/26/2016","68.00","67.20","68.40","66.90","281.02K","1.19%"
"08/25/2016","67.20","68.05","68.50","66.25","587.04K","-5.55%"
"08/24/2016","71.15","70.50","72.15","70.50","791.32K","1.79%"
"08/23/2016","69.90","68.50","69.90","68.40","593.18K","2.27%"
"08/22/2016","68.35","67.70","68.50","67.00","338.10K","1.56%"
"08/19/2016","67.30","67.70","67.70","65.90","503.23K","0.00%"
"08/18/2016","67.30","67.95","68.20","66.30","539.81K","0.07%"
"08/17/2016","67.25","68.70","68.70","67.25","357.95K","-1.61%"
"08/16/2016","68.35","68.85","68.85","67.30","477.12K","0.29%"
"08/15/2016","68.15","67.25","68.60","67.10","317.81K","1.34%"
"08/12/2016","67.25","67.00","67.80","66.30","420.99K","0.67%"
"08/11/2016","66.80","65.75","66.90","64.65","246.56K","1.37%"
"08/10/2016","65.90","67.80","67.85","65.60","479.83K","-3.73%"
"08/09/2016","68.45","69.00","69.15","68.25","386.54K","0.22%"
"08/08/2016","68.30","66.85","68.80","66.55","446.35K","3.33%"
"08/05/2016","66.10","64.45","66.35","64.20","513.80K","2.48%"
"08/04/2016","64.50","64.00","65.00","63.15","675.19K","2.95%"
"08/03/2016","62.65","62.80","63.20","62.15","549.58K","-3.02%"
"08/02/2016","64.60","65.00","65.40","63.50","456.86K","-1.82%"
"08/01/2016","65.80","66.90","67.05","65.45","346.86K","-0.30%"
"07/29/2016","66.00","67.50","67.50","65.70","353.54K","-2.22%"
"07/28/2016","67.50","69.50","69.60","67.20","470.63K","-4.12%"
"07/27/2016","70.40","69.50","70.75","69.40","595.46K","2.03%"
"07/26/2016","69.00","69.40","69.80","67.45","456.70K","-0.36%"
"07/25/2016","69.25","69.15","69.95","68.70","408.77K","0.00%"
"07/22/2016","69.25","70.05","70.25","69.25","589.59K","-1.84%"
"07/21/2016","70.55","69.10","70.75","68.30","678.58K","4.83%"
"07/20/2016","67.30","66.40","67.90","66.15","624.21K","0.67%"
"07/19/2016","66.85","65.75","66.90","65.30","586.52K","1.67%"
"07/18/2016","65.75","65.90","65.90","64.55","393.22K","0.46%"
"07/15/2016","65.45","65.70","66.00","64.50","468.76K","-0.61%"
"07/14/2016","65.85","65.00","65.85","63.95","442.63K","0.53%"
"07/13/2016","65.50","66.00","66.20","65.05","406.57K","0.15%"
"07/12/2016","65.40","65.30","65.85","63.45","722.89K","1.24%"
"07/11/2016","64.60","64.40","64.95","62.75","554.86K","3.53%"
"07/08/2016","62.40","61.45","63.00","59.90","832.97K","-0.32%"
"07/07/2016","62.60","63.00","63.40","62.20","376.88K","0.00%"
"07/06/2016","62.60","63.25","63.75","62.30","365.34K","-1.42%"
"07/05/2016","63.50","64.75","64.80","62.65","643.69K","-2.46%"
"07/04/2016","65.10","66.50","66.50","64.70","286.18K","-0.46%"
"07/01/2016","65.40","64.95","65.40","64.30","519.56K","1.95%"
"06/30/2016","64.15","67.00","67.60","64.10","984.91K","-4.89%"
"06/29/2016","67.45","67.65","68.35","67.10","501.75K","1.28%"
"06/28/2016","66.60","64.70","67.45","64.70","748.93K","4.06%"
"06/27/2016","64.00","67.10","68.00","64.00","815.97K","-5.88%"
"06/24/2016","68.00","63.60","69.00","63.10","1.13M","-0.73%"
"06/23/2016","68.50","67.20","69.40","66.50","797.84K","2.54%"
"06/22/2016","66.80","67.90","67.90","66.50","476.48K","-1.33%"
"06/21/2016","67.70","68.95","69.00","67.10","733.71K","-1.74%"
"06/20/2016","68.90","69.50","70.65","68.10","587.08K","-0.07%"
"06/17/2016","68.95","67.35","69.35","66.70","812.02K","3.68%"
"06/16/2016","66.50","67.65","67.65","65.75","1.59M","-6.07%"
"06/15/2016","70.80","71.50","71.75","69.70","1.06M","-1.46%"
"06/14/2016","71.85","73.15","73.95","71.80","638.50K","-4.33%"
"06/13/2016","75.10","73.90","75.40","72.05","1.24M","-1.83%"
"06/10/2016","76.50","80.15","80.25","75.90","1.13M","-6.93%"
"06/09/2016","82.20","83.10","84.95","81.55","1.84M","-0.12%"
"06/08/2016","82.30","79.05","83.00","78.35","1.67M","6.19%"
"06/07/2016","77.50","76.55","77.75","76.30","1.26M","1.91%"
"06/06/2016","76.05","73.25","76.25","71.90","1.19M","5.85%"
"06/03/2016","71.85","75.00","75.40","71.70","1.38M","0.07%"
"06/02/2016","71.80","72.00","73.60","71.00","1.39M","-0.49%"
"06/01/2016","72.15","74.00","75.75","71.70","1.94M","1.26%"
"05/31/2016","71.25","67.25","71.70","67.20","3.02M","6.74%"
"05/30/2016","66.75","66.85","67.35","65.95","481.27K","2.30%"
"05/27/2016","65.25","66.00","66.50","64.80","496.35K","-1.58%"
"05/26/2016","66.30","65.50","66.80","64.50","1.09M","1.22%"
"05/25/2016","65.50","65.00","65.55","64.50","982.46K","1.63%"
"05/24/2016","64.45","64.25","64.50","63.60","777.44K","-0.46%"
"05/23/2016","64.75","62.65","65.20","62.15","1.08M","4.02%"
"05/20/2016","62.25","63.00","63.25","61.65","1.61M","-0.48%"
"05/19/2016","62.55","65.80","65.80","62.45","1.16M","-5.08%"
"05/18/2016","65.90","65.05","66.60","65.00","1.08M","2.81%"
"05/13/2016","64.10","64.20","64.85","63.10","642.17K","-1.08%"
"05/12/2016","64.80","64.90","65.50","63.95","1.04M","0.23%"
"05/11/2016","64.65","65.50","66.20","63.50","1.06M","-0.31%"
"05/10/2016","64.85","63.50","66.00","63.30","1.52M","3.26%"
"05/09/2016","62.80","64.30","64.30","62.50","837.71K","-1.95%"
"05/06/2016","64.05","62.60","64.50","61.90","1.13M","0.39%"
"05/04/2016","63.80","63.50","64.05","62.40","950.28K","0.08%"
"05/03/2016","63.75","66.00","66.00","62.90","832.85K","-1.92%"
"05/02/2016","65.00","66.60","66.60","64.60","567.07K","-2.91%"
"04/29/2016","66.95","68.00","68.35","66.10","1.28M","-3.81%"
"04/28/2016","69.60","70.35","70.90","68.40","1.43M","-1.00%"
"04/27/2016","70.30","69.60","70.70","69.20","2.13M","3.69%"
"04/26/2016","67.80","68.00","68.55","67.30","676.86K","-1.09%"
"04/25/2016","68.55","71.00","71.10","68.20","892.97K","-3.59%"
"04/22/2016","71.10","68.00","71.95","68.00","2.31M","4.71%"
"04/21/2016","67.90","68.00","68.30","67.35","967.21K","1.27%"
"04/20/2016","67.05","69.00","69.30","66.00","2.00M","-3.80%"
"04/19/2016","69.70","65.00","70.30","64.50","2.92M","7.07%"
"04/18/2016","65.10","63.00","65.15","62.10","853.69K","2.52%"
"04/15/2016","63.50","66.50","66.80","63.25","1.23M","-5.15%"
"04/14/2016","66.95","67.70","68.80","66.60","1.59M","2.14%"
"04/13/2016","65.55","64.00","65.55","63.90","1.33M","4.55%"
"04/12/2016","62.70","64.50","64.95","62.15","1.04M","-3.83%"
"04/11/2016","65.20","63.15","65.40","62.50","884.57K","3.41%"
"04/08/2016","63.05","62.05","63.60","61.20","1.22M","0.88%"
"04/07/2016","62.50","65.00","65.30","61.80","1.44M","0.00%"
"04/06/2016","62.50","64.55","65.35","61.90","1.16M","-2.50%"
"04/05/2016","64.10","65.90","66.40","63.45","1.01M","-5.74%"
"04/04/2016","68.00","68.95","70.50","67.55","1.13M","0.22%"
"04/01/2016","67.85","69.75","69.90","67.50","1.05M","-3.07%"
"03/31/2016","70.00","67.30","70.85","66.45","1.46M","4.32%"
"03/30/2016","67.10","68.20","68.65","66.20","1.39M","0.30%"
"03/29/2016","66.90","65.60","67.50","65.05","1.56M","-3.67%"
"03/23/2016","69.45","70.35","70.35","67.70","736.24K","-1.70%"
"03/22/2016","70.65","71.20","71.75","68.70","1.30M","-0.49%"
"03/21/2016","71.00","75.30","75.30","70.55","1.44M","-6.08%"
"03/18/2016","75.60","77.00","77.50","75.50","1.04M","-2.77%"
"03/17/2016","77.75","80.25","81.00","77.00","889.72K","-1.83%"
"03/16/2016","79.20","78.65","79.35","77.80","574.62K","1.93%"
"03/15/2016","77.70","80.00","80.20","77.55","1.14M","-3.30%"
"03/14/2016","80.35","79.90","83.10","79.00","1.67M","3.81%"
"03/11/2016","77.40","74.00","77.50","73.10","1.77M","6.10%"
"03/10/2016","72.95","74.85","77.75","72.30","1.31M","-5.26%"
"03/09/2016","77.00","76.55","79.75","76.50","1.24M","-3.21%"
"03/08/2016","79.55","82.80","85.15","78.20","1.36M","-2.75%"
"03/07/2016","81.80","82.95","84.90","80.30","1.31M","2.25%"
"03/04/2016","80.00","76.55","80.35","76.55","816.76K","5.12%"
"03/03/2016","76.10","75.60","78.00","74.95","893.50K","1.47%"
"03/02/2016","75.00","77.95","78.00","72.80","1.58M","-2.60%"
"03/01/2016","77.00","78.70","78.75","76.55","827.89K","-3.33%"
"02/29/2016","79.65","80.00","81.00","78.40","1.07M","0.38%"
"02/26/2016","79.35","78.50","80.15","78.50","645.84K","2.19%"
"02/25/2016","77.65","79.45","79.80","76.50","722.67K","0.52%"
"02/24/2016","77.25","79.55","80.75","76.60","816.81K","-4.51%"
"02/23/2016","80.90","83.00","84.15","80.80","1.15M","-2.71%"
"02/22/2016","83.15","77.85","83.55","77.80","1.28M","10.65%"
"02/19/2016","75.15","75.60","76.40","74.30","798.10K","-2.15%"
"02/18/2016","76.80","79.70","80.50","76.25","1.22M","-2.29%"
"02/17/2016","78.60","73.65","78.60","73.65","1.31M","7.45%"
"02/16/2016","73.15","74.40","75.30","72.00","676.59K","-0.48%"
"02/15/2016","73.50","74.05","74.70","73.00","866.84K","4.18%"
"02/12/2016","70.55","70.50","71.65","69.75","1.07M","2.77%"
"02/11/2016","68.65","70.00","70.10","66.05","1.19M","-2.83%"
"02/10/2016","70.65","69.50","73.00","69.05","868.87K","-3.55%"
"02/09/2016","73.25","71.00","73.70","65.25","2.46M","6.16%"
"02/08/2016","69.00","79.00","79.80","68.50","2.21M","-18.34%"
"02/05/2016","84.50","85.15","87.25","83.55","1.01M","-4.30%"
"02/04/2016","88.30","87.15","88.50","84.00","989.25K","2.67%"
"02/03/2016","86.00","85.00","86.45","82.00","1.22M","0.29%"
"02/02/2016","85.75","91.90","91.90","85.50","588.75K","-5.51%"
"02/01/2016","90.75","94.70","95.00","89.50","780.86K","-4.17%"
"01/29/2016","94.70","95.20","96.10","92.75","725.17K","0.85%"
"01/28/2016","93.90","94.70","97.20","93.30","996.98K","-1.21%"
"01/27/2016","95.05","94.10","96.45","93.25","805.21K","0.42%"
"01/26/2016","94.65","91.60","96.15","90.30","939.77K","-0.37%"
"01/25/2016","95.00","95.90","97.20","92.50","731.66K","-0.94%"
"01/22/2016","95.90","100.50","102.00","94.75","1.10M","0.16%"
"01/21/2016","95.75","88.05","96.30","88.05","1.39M","9.81%"
"01/20/2016","87.20","90.00","91.25","87.00","1.13M","-8.93%"
"01/19/2016","95.75","95.25","97.80","93.65","1.43M","5.22%"
"01/18/2016","91.00","87.25","93.60","85.30","1.51M","2.25%"
"01/15/2016","89.00","95.00","95.20","86.50","1.79M","-6.81%"
"01/14/2016","95.50","97.50","98.75","93.45","1.46M","-4.31%"
"01/13/2016","99.80","98.75","103.80","98.75","1.44M","4.12%"
"01/12/2016","95.85","103.70","104.50","94.15","1.69M","-9.28%"
"01/11/2016","105.65","107.75","111.50","104.75","845.57K","-3.30%"
"01/08/2016","109.25","109.50","115.00","105.20","1.33M","3.70%"
"01/07/2016","105.35","110.10","111.75","101.90","1.67M","-8.91%"
"01/06/2016","115.65","122.90","122.90","113.05","1.12M","-6.17%"
"01/05/2016","123.25","129.10","129.35","123.10","815.69K","-4.79%"
"01/04/2016","129.45","127.70","129.65","125.75","462.18K","1.05%"
"12/30/2015","128.10","127.00","129.75","125.50","380.60K","1.30%"
"12/29/2015","126.45","123.35","126.95","122.00","359.12K","3.61%"
"12/28/2015","122.05","126.95","127.40","121.85","419.69K","-3.86%"
"12/23/2015","126.95","126.00","128.80","124.50","471.46K","0.99%"
"12/22/2015","125.70","129.25","129.35","125.50","434.15K","-3.86%"
"12/21/2015","130.75","130.25","132.40","129.55","671.73K","2.03%"
"12/18/2015","128.15","129.95","129.95","125.00","595.11K","-1.65%"
"12/17/2015","130.30","131.50","133.95","129.55","1.04M","0.42%"
"12/16/2015","129.75","127.50","130.00","126.25","1.04M","4.81%"
"12/15/2015","123.80","122.20","125.60","119.05","782.54K","5.90%"
"12/14/2015","116.90","126.55","126.90","115.45","840.36K","-7.19%"
"12/11/2015","125.95","131.40","131.40","125.75","495.42K","-4.40%"
"12/10/2015","131.75","131.00","132.25","128.00","577.58K","-0.64%"
"12/09/2015","132.60","128.50","132.60","127.00","833.11K","2.00%"
"12/08/2015","130.00","133.45","135.55","126.50","994.74K","-1.70%"
"12/07/2015","132.25","132.50","135.00","132.00","1.20M","2.12%"
"12/04/2015","129.50","126.95","129.90","123.00","757.56K","1.37%"
"12/03/2015","127.75","129.50","134.15","127.50","1.14M","-1.35%"
"12/02/2015","129.50","126.50","130.50","125.25","2.22M","4.44%"
"12/01/2015","124.00","127.35","127.35","120.60","1.53M","-5.70%"
"11/30/2015","131.50","129.00","131.50","127.50","759.24K","3.54%"
"11/27/2015","127.00","130.90","130.90","124.50","300.44K","-2.31%"
"11/26/2015","130.00","130.75","133.40","129.50","184.40K","0.97%"
"11/25/2015","128.75","135.50","135.75","128.25","440.72K","-4.98%"
"11/24/2015","135.50","126.15","137.45","124.00","770.00K","11.48%"
"11/23/2015","121.55","126.10","126.45","121.00","176.97K","-2.02%"
"11/20/2015","124.05","124.70","125.35","120.50","364.60K","0.04%"
"11/19/2015","124.00","126.70","127.65","123.60","208.62K","-1.98%"
"11/18/2015","126.50","128.50","128.90","125.60","247.06K","-2.32%"
"11/17/2015","129.50","134.50","135.00","128.75","260.01K","-0.77%"
"11/16/2015","130.50","128.45","132.50","127.50","230.72K","3.78%"
"11/13/2015","125.75","128.00","132.90","124.50","276.79K","-2.52%"
"11/12/2015","129.00","132.20","132.50","126.00","363.84K","-2.82%"
"11/11/2015","132.75","142.80","144.90","131.10","599.34K","-7.17%"
"11/10/2015","143.00","145.00","146.50","142.50","307.11K","-1.14%"
"11/09/2015","144.65","140.00","147.50","140.00","477.25K","3.77%"
"11/06/2015","139.40","139.15","140.50","136.80","288.00K","1.05%"
"11/05/2015","137.95","139.25","139.50","135.50","302.85K","-1.75%"
"11/04/2015","140.40","141.50","142.95","139.05","304.58K","0.65%"
"11/03/2015","139.50","139.70","141.15","138.25","310.32K","0.00%"
"11/02/2015","139.50","133.70","140.90","133.25","648.41K","4.89%"
"10/30/2015","133.00","128.50","133.50","128.05","342.43K","3.50%"
"10/29/2015","128.50","131.05","131.05","126.15","310.64K","0.51%"
"10/28/2015","127.85","125.25","128.55","123.25","226.84K","0.75%"
"10/27/2015","126.90","127.65","128.00","124.00","253.06K","-1.21%"
"10/26/2015","128.45","127.50","130.95","127.25","219.45K","0.75%"
"10/23/2015","127.50","129.15","130.80","126.25","184.63K","-0.86%"
"10/22/2015","128.60","127.00","129.65","124.65","236.85K","-0.69%"
"10/21/2015","129.50","125.50","130.35","124.45","251.13K","4.86%"
"10/20/2015","123.50","125.50","127.00","119.60","492.54K","-3.67%"
"10/19/2015","128.20","132.65","134.55","128.20","313.65K","-2.36%"
"10/16/2015","131.30","134.00","135.75","131.30","333.97K","-0.87%"
"10/15/2015","132.45","132.10","134.60","131.75","341.57K","0.11%"
"10/14/2015","132.30","133.05","136.25","132.10","559.79K","-2.18%"
"10/13/2015","135.25","132.50","139.40","131.55","676.80K","1.35%"
"10/12/2015","133.45","129.25","135.70","128.50","560.35K","0.98%"
"10/09/2015","132.15","130.15","134.75","130.15","513.60K","1.50%"
"10/08/2015","130.20","125.15","131.25","123.00","429.66K","3.13%"
"10/07/2015","126.25","130.60","133.20","125.00","524.30K","-4.03%"
"10/06/2015","131.55","129.95","132.75","128.00","731.17K","3.18%"
"10/05/2015","127.50","123.55","132.50","123.55","1.11M","7.19%"
"10/02/2015","118.95","119.20","119.90","114.00","390.22K","2.41%"
"10/01/2015","116.15","116.10","120.50","115.00","323.84K","0.13%"
"09/30/2015","116.00","110.00","116.00","108.90","343.04K","6.72%"
"09/29/2015","108.70","108.50","111.20","105.75","215.80K","-1.18%"
"09/28/2015","110.00","110.75","115.00","108.50","294.17K","-4.97%"
"09/25/2015","115.75","118.00","118.00","115.20","203.11K","0.48%"
"09/24/2015","115.20","114.25","118.50","113.25","230.42K","-1.54%"
"09/23/2015","117.00","116.60","118.50","115.50","186.73K","0.21%"
"09/22/2015","116.75","121.00","121.50","115.25","269.56K","-3.67%"
"09/21/2015","121.20","121.25","124.25","120.50","362.04K","1.72%"
"09/18/2015","119.15","117.75","122.95","116.85","448.70K","2.45%"
"09/17/2015","116.30","112.05","118.50","112.05","591.23K","5.11%"
"09/16/2015","110.65","109.30","112.80","108.75","256.46K","2.93%"
"09/15/2015","107.50","106.00","109.00","105.75","189.49K","3.12%"
"09/14/2015","104.25","107.60","109.00","103.50","165.34K","-3.02%"
"09/11/2015","107.50","110.75","110.75","107.05","123.56K","-0.56%"
"09/10/2015","108.10","109.00","109.90","108.00","186.72K","-2.30%"
"09/09/2015","110.65","113.25","113.50","110.50","198.87K","-0.67%"
"09/08/2015","111.40","111.00","113.00","110.50","214.40K","0.59%"
"09/07/2015","110.75","112.00","113.80","110.75","206.26K","0.45%"
"09/04/2015","110.25","110.90","112.75","108.90","340.23K","-2.00%"
"09/03/2015","112.50","109.25","114.45","108.55","794.44K","5.34%"
"09/02/2015","106.80","106.00","109.00","105.10","222.07K","-1.25%"
"09/01/2015","108.15","108.50","110.40","105.85","271.36K","-0.69%"
"08/31/2015","108.90","110.70","111.15","107.60","239.46K","-1.71%"
"08/28/2015","110.80","108.45","110.80","106.00","424.99K","4.63%"
"08/27/2015","105.90","110.00","110.50","104.50","721.89K","2.37%"
"08/26/2015","103.45","94.50","107.40","89.95","745.40K","10.05%"
"08/25/2015","94.00","89.00","95.40","89.00","389.63K","5.92%"
"08/24/2015","88.75","94.00","94.00","83.75","654.05K","-9.44%"
"08/21/2015","98.00","98.95","102.25","98.00","388.93K","-5.59%"
"08/20/2015","103.80","106.50","107.75","102.65","215.66K","-4.86%"
"08/19/2015","109.10","111.45","112.50","108.00","159.33K","-1.71%"
"08/18/2015","111.00","111.60","116.95","110.05","365.85K","0.45%"
"08/17/2015","110.50","103.50","110.95","103.30","365.88K","7.28%"
"08/14/2015","103.00","105.35","106.80","102.70","156.28K","-1.90%"
"08/13/2015","105.00","102.50","105.50","101.45","215.22K","2.94%"
"08/12/2015","102.00","107.10","107.50","101.50","284.58K","-4.63%"
"08/11/2015","106.95","106.05","109.75","105.95","214.64K","1.04%"
"08/10/2015","105.85","116.00","116.00","104.10","614.52K","-8.75%"
"08/07/2015","116.00","118.20","121.05","114.95","280.37K","-0.85%"
"08/06/2015","117.00","116.45","117.00","113.50","368.16K","0.00%"
"08/05/2015","117.00","124.05","124.05","116.45","378.92K","-6.02%"
"08/04/2015","124.50","122.95","124.75","119.35","262.08K","1.67%"
"08/03/2015","122.45","125.90","126.80","120.00","429.13K","-2.43%"
"07/31/2015","125.50","129.50","130.00","122.90","517.73K","-3.28%"
"07/30/2015","129.75","134.15","134.75","127.95","470.85K","-0.61%"
"07/29/2015","130.55","128.25","131.40","128.20","603.72K","3.61%"
"07/28/2015","126.00","127.50","129.65","125.25","485.40K","-1.22%"
"07/27/2015","127.55","127.50","135.70","126.40","725.37K","1.23%"
"07/24/2015","126.00","129.70","129.70","124.10","549.67K","-3.19%"
"07/23/2015","130.15","134.45","139.10","130.00","1.10M","0.12%"
"07/22/2015","130.00","125.00","130.00","123.00","945.09K","6.17%"
"07/21/2015","122.45","118.25","132.95","116.85","1.64M","9.72%"
"07/20/2015","111.60","107.50","113.70","104.75","606.19K","7.98%"
"07/17/2015","103.35","103.50","106.00","102.30","278.23K","1.57%"
"07/16/2015","101.75","105.45","107.00","101.25","481.86K","-2.58%"
"07/15/2015","104.45","97.90","105.75","97.60","624.01K","7.02%"
"07/14/2015","97.60","96.85","98.85","96.25","203.10K","1.51%"
"07/13/2015","96.15","96.00","97.50","95.00","183.17K","1.21%"
"07/10/2015","95.00","98.55","98.75","94.60","174.36K","-2.56%"
"07/09/2015","97.50","94.30","98.00","93.90","255.85K","3.83%"
"07/08/2015","93.90","95.00","96.65","92.50","182.68K","-1.73%"
"07/07/2015","95.55","98.60","99.65","95.30","281.68K","-2.50%"
"07/06/2015","98.00","95.00","99.30","95.00","280.89K","2.51%"
"07/03/2015","95.60","97.90","97.90","95.60","363.71K","-4.21%"
"07/02/2015","99.80","102.50","103.00","95.50","615.47K","-2.78%"
"07/01/2015","102.65","99.00","102.80","97.80","152.14K","5.07%"
"06/30/2015","97.70","103.00","103.50","97.60","138.23K","-5.97%"
"06/29/2015","103.90","102.30","105.50","101.80","76.18K","-1.52%"
"06/26/2015","105.50","105.00","106.25","103.75","127.69K","-1.40%"
"06/25/2015","107.00","109.00","109.75","106.75","99.09K","-1.56%"
"06/24/2015","108.70","108.35","109.10","107.00","103.64K","0.42%"
"06/23/2015","108.25","110.50","110.50","106.75","104.21K","-0.60%"
"06/22/2015","108.90","107.45","110.25","106.50","351.69K","1.35%"
"06/19/2015","107.45","107.50","108.40","105.50","141.31K","0.89%"
"06/18/2015","106.50","103.50","106.50","101.50","196.79K","1.91%"
"06/17/2015","104.50","106.50","108.50","104.00","234.85K","-3.69%"
"06/16/2015","108.50","108.00","109.00","103.00","182.92K","0.46%"
"06/15/2015","108.00","111.50","112.50","107.50","215.53K","0.93%"
"06/12/2015","107.00","111.50","111.50","104.00","232.90K","-3.17%"
"06/11/2015","110.50","111.00","113.50","110.00","261.81K","2.79%"
"06/10/2015","107.50","107.50","108.50","106.50","71.29K","0.00%"
"06/09/2015","107.50","108.00","108.50","104.00","110.72K","-0.92%"
"06/08/2015","108.50","109.50","112.00","107.00","144.92K","-0.46%"
"06/05/2015","109.00","105.00","110.50","103.50","160.42K","1.40%"
"06/04/2015","107.50","109.00","110.50","105.50","175.46K","-0.92%"
"06/03/2015","108.50","112.00","113.50","107.00","306.91K","0.93%"
"06/02/2015","107.50","109.50","109.50","103.50","227.53K","-0.92%"
"06/01/2015","108.50","101.50","109.50","98.50","522.11K","3.83%"